eventID,eventRemarks,parentEventID,eventDate,locationID,locality,decimalLatitude,decimalLongitude,footprintWKT,geodeticDatum,waterBody,countryCode,minimumDepthInMeters,maximumDepthInMeters,samplingProtocol
UWPHHCZoop_CB975,cruise,,2012-06-11T14:10:00-0700,,,47.531,-123.016,"POLYGON ((-123.117 47.378, -123.125 47.404, -122.807 47.812, -123.117 47.378))",EPSG:4386,"Hood Canal, Puget Sound",US,0.0,145.0,
UWPHHCZoop_CB979,cruise,,2012-07-09T16:40:00-0700,,,47.531,-123.016,"POLYGON ((-123.117 47.378, -123.125 47.404, -122.807 47.812, -123.117 47.378))",EPSG:4386,"Hood Canal, Puget Sound",US,0.0,158.0,
UWPHHCZoop_CB982,cruise,,2012-08-06T15:35:00-0700,,,47.531,-123.016,"POLYGON ((-123.117 47.378, -123.125 47.404, -122.807 47.812, -123.117 47.378))",EPSG:4386,"Hood Canal, Puget Sound",US,0.0,165.0,
UWPHHCZoop_CB986,cruise,,2012-09-02T14:32:00-0700,,,47.531,-123.016,"POLYGON ((-123.117 47.378, -123.125 47.404, -122.807 47.812, -123.117 47.378))",EPSG:4386,"Hood Canal, Puget Sound",US,0.0,165.0,
UWPHHCZoop_CB988,cruise,,2012-10-01T13:35:00-0700,,,47.531,-123.016,"POLYGON ((-123.117 47.378, -123.125 47.404, -122.807 47.812, -123.117 47.378))",EPSG:4386,"Hood Canal, Puget Sound",US,0.0,164.0,
UWPHHCZoop_CB1002,cruise,,2013-06-10T17:13:00-0700,,,47.531,-123.016,"POLYGON ((-123.117 47.378, -123.125 47.404, -122.807 47.812, -123.117 47.378))",EPSG:4386,"Hood Canal, Puget Sound",US,0.0,160.0,
UWPHHCZoop_CB1003,cruise,,2013-07-08T22:32:00-0700,,,47.531,-123.016,"POLYGON ((-123.117 47.378, -123.125 47.404, -122.807 47.812, -123.117 47.378))",EPSG:4386,"Hood Canal, Puget Sound",US,0.0,160.0,
UWPHHCZoop_CB1005,cruise,,2013-08-05T16:09:00-0700,,,47.531,-123.016,"POLYGON ((-123.117 47.378, -123.125 47.404, -122.807 47.812, -123.117 47.378))",EPSG:4386,"Hood Canal, Puget Sound",US,0.0,162.0,
UWPHHCZoop_CB1007,cruise,,2013-09-03T14:38:00-0700,,,47.522,-122.983,"POLYGON ((-123.003 47.371, -123.117 47.378, -123.125 47.404, -122.807 47.812, -123.003 47.371))",EPSG:4386,"Hood Canal, Puget Sound",US,0.0,152.0,
UWPHHCZoop_CB1009,cruise,,2013-10-01T20:57:00-0700,,,47.454,-123.076,"POLYGON ((-123.117 47.378, -123.125 47.404, -122.986 47.581, -123.117 47.378))",EPSG:4386,"Hood Canal, Puget Sound",US,0.0,158.0,
UWPHHCZoop_CB975-20120611UND,stationVisit,UWPHHCZoop_CB975,2012-06-11T14:10:00-0700,UN,Union,47.812,-122.807,,EPSG:4386,"Hood Canal, Puget Sound",US,0.0,72.0,
UWPHHCZoop_CB975-20120611UNN,stationVisit,UWPHHCZoop_CB975,2012-06-11T22:45:00-0700,UN,Union,47.812,-122.807,,EPSG:4386,"Hood Canal, Puget Sound",US,0.0,50.0,
UWPHHCZoop_CB975-20120612HPD,stationVisit,UWPHHCZoop_CB975,2012-06-12T16:45:00-0700,HP,Hoodsport,47.581,-122.986,,EPSG:4386,"Hood Canal, Puget Sound",US,0.0,12.0,
UWPHHCZoop_CB975-20120612HPN,stationVisit,UWPHHCZoop_CB975,2012-06-12T23:00:00-0700,HP,Hoodsport,47.581,-122.986,,EPSG:4386,"Hood Canal, Puget Sound",US,0.0,99.0,
UWPHHCZoop_CB975-20120613HPN,stationVisit,UWPHHCZoop_CB975,2012-06-13T00:50:00-0700,HP,Hoodsport,47.581,-122.986,,EPSG:4386,"Hood Canal, Puget Sound",US,0.0,106.0,
UWPHHCZoop_CB975-20120613DUD,stationVisit,UWPHHCZoop_CB975,2012-06-13T19:53:00-0700,DU,Duckabush,47.404,-123.125,,EPSG:4386,"Hood Canal, Puget Sound",US,10.0,145.0,
UWPHHCZoop_CB975-20120614DBD,stationVisit,UWPHHCZoop_CB975,2012-06-14T17:25:00-0700,DB,Dabob,47.378,-123.117,,EPSG:4386,"Hood Canal, Puget Sound",US,0.0,73.0,
UWPHHCZoop_CB975-20120614DBN,stationVisit,UWPHHCZoop_CB975,2012-06-14T22:15:00-0700,DB,Dabob,47.378,-123.117,,EPSG:4386,"Hood Canal, Puget Sound",US,0.0,95.0,
UWPHHCZoop_CB979-20120709UND,stationVisit,UWPHHCZoop_CB979,2012-07-09T16:40:00-0700,UN,Union,47.812,-122.807,,EPSG:4386,"Hood Canal, Puget Sound",US,0.0,55.0,
UWPHHCZoop_CB979-20120709UNN,stationVisit,UWPHHCZoop_CB979,2012-07-09T22:10:00-0700,UN,Union,47.812,-122.807,,EPSG:4386,"Hood Canal, Puget Sound",US,0.0,53.0,
UWPHHCZoop_CB979-20120711HPN,stationVisit,UWPHHCZoop_CB979,2012-07-11T00:15:00-0700,HP,Hoodsport,47.581,-122.986,,EPSG:4386,"Hood Canal, Puget Sound",US,2.2,101.7,
UWPHHCZoop_CB979-20120711DUD,stationVisit,UWPHHCZoop_CB979,2012-07-11T19:30:00-0700,DU,Duckabush,47.404,-123.125,,EPSG:4386,"Hood Canal, Puget Sound",US,0.0,158.0,
UWPHHCZoop_CB979-20120712DBD,stationVisit,UWPHHCZoop_CB979,2012-07-12T16:23:00-0700,DB,Dabob,47.378,-123.117,,EPSG:4386,"Hood Canal, Puget Sound",US,0.0,70.0,
UWPHHCZoop_CB979-20120712DBN,stationVisit,UWPHHCZoop_CB979,2012-07-12T22:45:00-0700,DB,Dabob,47.378,-123.117,,EPSG:4386,"Hood Canal, Puget Sound",US,0.0,70.0,
UWPHHCZoop_CB979-20120713DBN,stationVisit,UWPHHCZoop_CB979,2012-07-13T00:17:00-0700,DB,Dabob,47.378,-123.117,,EPSG:4386,"Hood Canal, Puget Sound",US,0.0,70.0,
UWPHHCZoop_CB982-20120806UND,stationVisit,UWPHHCZoop_CB982,2012-08-06T15:35:00-0700,UN,Union,47.812,-122.807,,EPSG:4386,"Hood Canal, Puget Sound",US,0.0,55.0,
UWPHHCZoop_CB982-20120806UNN,stationVisit,UWPHHCZoop_CB982,2012-08-06T21:35:00-0700,UN,Union,47.812,-122.807,,EPSG:4386,"Hood Canal, Puget Sound",US,0.0,50.0,
UWPHHCZoop_CB982-20120808HPN,stationVisit,UWPHHCZoop_CB982,2012-08-08T00:28:00-0700,HP,Hoodsport,47.581,-122.986,,EPSG:4386,"Hood Canal, Puget Sound",US,0.0,102.0,
UWPHHCZoop_CB982-20120808DUD,stationVisit,UWPHHCZoop_CB982,2012-08-08T18:49:00-0700,DU,Duckabush,47.404,-123.125,,EPSG:4386,"Hood Canal, Puget Sound",US,0.0,165.0,
UWPHHCZoop_CB982-20120809DBN,stationVisit,UWPHHCZoop_CB982,2012-08-09T22:49:00-0700,DB,Dabob,47.378,-123.117,,EPSG:4386,"Hood Canal, Puget Sound",US,0.0,70.0,
UWPHHCZoop_CB982-20120810DBN,stationVisit,UWPHHCZoop_CB982,2012-08-10T00:29:00-0700,DB,Dabob,47.378,-123.117,,EPSG:4386,"Hood Canal, Puget Sound",US,0.0,70.0,
UWPHHCZoop_CB986-20120902UND,stationVisit,UWPHHCZoop_CB986,2012-09-02T14:32:00-0700,UN,Union,47.812,-122.807,,EPSG:4386,"Hood Canal, Puget Sound",US,0.0,62.0,
UWPHHCZoop_CB986-20120902UNN,stationVisit,UWPHHCZoop_CB986,2012-09-02T21:34:00-0700,UN,Union,47.812,-122.807,,EPSG:4386,"Hood Canal, Puget Sound",US,0.0,70.0,
UWPHHCZoop_CB986-20120903HPD,stationVisit,UWPHHCZoop_CB986,2012-09-03T17:51:00-0700,HP,Hoodsport,47.581,-122.986,,EPSG:4386,"Hood Canal, Puget Sound",US,0.0,112.0,
UWPHHCZoop_CB986-20120904DUD,stationVisit,UWPHHCZoop_CB986,2012-09-04T18:13:00-0700,DU,Duckabush,47.404,-123.125,,EPSG:4386,"Hood Canal, Puget Sound",US,0.0,165.0,
UWPHHCZoop_CB986-20120905DBD,stationVisit,UWPHHCZoop_CB986,2012-09-05T15:12:00-0700,DB,Dabob,47.378,-123.117,,EPSG:4386,"Hood Canal, Puget Sound",US,0.0,70.0,
UWPHHCZoop_CB986-20120905DBN,stationVisit,UWPHHCZoop_CB986,2012-09-05T21:18:00-0700,DB,Dabob,47.378,-123.117,,EPSG:4386,"Hood Canal, Puget Sound",US,0.0,85.0,
UWPHHCZoop_CB988-20121001UND,stationVisit,UWPHHCZoop_CB988,2012-10-01T13:35:00-0700,UN,Union,47.812,-122.807,,EPSG:4386,"Hood Canal, Puget Sound",US,0.0,60.0,
UWPHHCZoop_CB988-20121001UNN,stationVisit,UWPHHCZoop_CB988,2012-10-01T19:56:00-0700,UN,Union,47.812,-122.807,,EPSG:4386,"Hood Canal, Puget Sound",US,0.0,64.0,
UWPHHCZoop_CB988-20121002HPN,stationVisit,UWPHHCZoop_CB988,2012-10-02T20:55:00-0700,HP,Hoodsport,47.581,-122.986,,EPSG:4386,"Hood Canal, Puget Sound",US,0.0,112.0,
UWPHHCZoop_CB988-20121003DUN,stationVisit,UWPHHCZoop_CB988,2012-10-03T21:24:00-0700,DU,Duckabush,47.404,-123.125,,EPSG:4386,"Hood Canal, Puget Sound",US,0.0,164.0,
UWPHHCZoop_CB988-20121004DBD,stationVisit,UWPHHCZoop_CB988,2012-10-04T14:30:00-0700,DB,Dabob,47.378,-123.117,,EPSG:4386,"Hood Canal, Puget Sound",US,0.0,95.0,
UWPHHCZoop_CB988-20121004DBN,stationVisit,UWPHHCZoop_CB988,2012-10-04T21:28:00-0700,DB,Dabob,47.378,-123.117,,EPSG:4386,"Hood Canal, Puget Sound",US,0.0,90.0,
UWPHHCZoop_CB1002-20130610UND,stationVisit,UWPHHCZoop_CB1002,2013-06-10T17:13:00-0700,UN,Union,47.812,-122.807,,EPSG:4386,"Hood Canal, Puget Sound",US,0.0,60.0,
UWPHHCZoop_CB1002-20130610UNN,stationVisit,UWPHHCZoop_CB1002,2013-06-10T22:35:00-0700,UN,Union,47.812,-122.807,,EPSG:4386,"Hood Canal, Puget Sound",US,0.0,68.0,
UWPHHCZoop_CB1002-20130611HPN,stationVisit,UWPHHCZoop_CB1002,2013-06-11T22:43:00-0700,HP,Hoodsport,47.581,-122.986,,EPSG:4386,"Hood Canal, Puget Sound",US,0.0,110.0,
UWPHHCZoop_CB1002-20130612HPN,stationVisit,UWPHHCZoop_CB1002,2013-06-12T01:47:00-0700,HP,Hoodsport,47.581,-122.986,,EPSG:4386,"Hood Canal, Puget Sound",US,0.0,110.0,
UWPHHCZoop_CB1002-20130613DUN,stationVisit,UWPHHCZoop_CB1002,2013-06-13T01:06:00-0700,DU,Duckabush,47.404,-123.125,,EPSG:4386,"Hood Canal, Puget Sound",US,0.0,160.0,
UWPHHCZoop_CB1002-20130613DBD,stationVisit,UWPHHCZoop_CB1002,2013-06-13T16:30:00-0700,DB,Dabob,47.378,-123.117,,EPSG:4386,"Hood Canal, Puget Sound",US,0.0,65.0,
UWPHHCZoop_CB1002-20130613DBN,stationVisit,UWPHHCZoop_CB1002,2013-06-13T22:38:00-0700,DB,Dabob,47.378,-123.117,,EPSG:4386,"Hood Canal, Puget Sound",US,0.0,65.0,
UWPHHCZoop_CB1003-20130708UNN,stationVisit,UWPHHCZoop_CB1003,2013-07-08T22:32:00-0700,UN,Union,47.812,-122.807,,EPSG:4386,"Hood Canal, Puget Sound",US,0.0,64.0,
UWPHHCZoop_CB1003-20130709HPD,stationVisit,UWPHHCZoop_CB1003,2013-07-09T19:30:00-0700,HP,Hoodsport,47.581,-122.986,,EPSG:4386,"Hood Canal, Puget Sound",US,0.0,107.0,
UWPHHCZoop_CB1003-20130710UND,stationVisit,UWPHHCZoop_CB1003,2013-07-10T15:17:00-0700,UN,Union,47.812,-122.807,,EPSG:4386,"Hood Canal, Puget Sound",US,0.0,63.0,
UWPHHCZoop_CB1003-20130711DUN,stationVisit,UWPHHCZoop_CB1003,2013-07-11T00:32:00-0700,DU,Duckabush,47.404,-123.125,,EPSG:4386,"Hood Canal, Puget Sound",US,0.0,160.0,
UWPHHCZoop_CB1003-20130711DBD,stationVisit,UWPHHCZoop_CB1003,2013-07-11T18:28:00-0700,DB,Dabob,47.378,-123.117,,EPSG:4386,"Hood Canal, Puget Sound",US,0.0,70.0,
UWPHHCZoop_CB1005-20130805UND,stationVisit,UWPHHCZoop_CB1005,2013-08-05T16:09:00-0700,UN,Union,47.812,-122.807,,EPSG:4386,"Hood Canal, Puget Sound",US,0.0,58.0,
UWPHHCZoop_CB1005-20130805UNN,stationVisit,UWPHHCZoop_CB1005,2013-08-05T22:07:00-0700,UN,Union,47.812,-122.807,,EPSG:4386,"Hood Canal, Puget Sound",US,0.0,65.0,
UWPHHCZoop_CB1005-20130806HPD,stationVisit,UWPHHCZoop_CB1005,2013-08-06T16:15:00-0700,HP,Hoodsport,47.581,-122.986,,EPSG:4386,"Hood Canal, Puget Sound",US,0.0,105.0,
UWPHHCZoop_CB1005-20130807DUN,stationVisit,UWPHHCZoop_CB1005,2013-08-07T22:33:00-0700,DU,Duckabush,47.404,-123.125,,EPSG:4386,"Hood Canal, Puget Sound",US,0.0,162.0,
UWPHHCZoop_CB1005-20130808DBD,stationVisit,UWPHHCZoop_CB1005,2013-08-08T15:54:00-0700,DB,Dabob,47.378,-123.117,,EPSG:4386,"Hood Canal, Puget Sound",US,0.0,55.0,
UWPHHCZoop_CB1005-20130808DBN,stationVisit,UWPHHCZoop_CB1005,2013-08-08T22:11:00-0700,DB,Dabob,47.378,-123.117,,EPSG:4386,"Hood Canal, Puget Sound",US,0.0,69.0,
UWPHHCZoop_CB1007-20130903UND,stationVisit,UWPHHCZoop_CB1007,2013-09-03T14:38:00-0700,UN,Union,47.812,-122.807,,EPSG:4386,"Hood Canal, Puget Sound",US,0.0,68.0,
UWPHHCZoop_CB1007-20130903UNN,stationVisit,UWPHHCZoop_CB1007,2013-09-03T21:19:00-0700,UN,Union,47.812,-122.807,,EPSG:4386,"Hood Canal, Puget Sound",US,0.0,69.0,
UWPHHCZoop_CB1007-20130904HPN,stationVisit,UWPHHCZoop_CB1007,2013-09-04T21:59:00-0700,HP,Hoodsport,47.581,-122.986,,EPSG:4386,"Hood Canal, Puget Sound",US,0.0,102.0,
UWPHHCZoop_CB1007-20130905DUN,stationVisit,UWPHHCZoop_CB1007,2013-09-05T22:35:00-0700,DU,Duckabush,47.404,-123.125,,EPSG:4386,"Hood Canal, Puget Sound",US,0.0,152.0,
UWPHHCZoop_CB1007-20130906DBD,stationVisit,UWPHHCZoop_CB1007,2013-09-06T14:52:00-0700,DB,Dabob,47.378,-123.117,,EPSG:4386,"Hood Canal, Puget Sound",US,0.0,71.0,
UWPHHCZoop_CB1007-20130906DBN,stationVisit,UWPHHCZoop_CB1007,2013-09-06T22:02:00-0700,DB,Dabob,47.378,-123.117,,EPSG:4386,"Hood Canal, Puget Sound",US,0.0,61.0,
UWPHHCZoop_CB1007-20130930UND,stationVisit,UWPHHCZoop_CB1007,2013-09-30T13:54:00-0700,UN,Union,47.812,-122.807,,EPSG:4386,"Hood Canal, Puget Sound",US,0.0,59.0,
UWPHHCZoop_CB1007-20130930TWD,stationVisit,UWPHHCZoop_CB1007,2013-09-30T15:52:00-0700,TW,Twanoh,47.371,-123.003,,EPSG:4386,"Hood Canal, Puget Sound",US,0.0,27.0,
UWPHHCZoop_CB1007-20130930UNN,stationVisit,UWPHHCZoop_CB1007,2013-09-30T21:18:00-0700,UN,Union,47.812,-122.807,,EPSG:4386,"Hood Canal, Puget Sound",US,0.0,63.0,
UWPHHCZoop_CB1009-20131001HPN,stationVisit,UWPHHCZoop_CB1009,2013-10-01T20:57:00-0700,HP,Hoodsport,47.581,-122.986,,EPSG:4386,"Hood Canal, Puget Sound",US,0.0,103.0,
UWPHHCZoop_CB1009-20131002DUN,stationVisit,UWPHHCZoop_CB1009,2013-10-02T20:36:00-0700,DU,Duckabush,47.404,-123.125,,EPSG:4386,"Hood Canal, Puget Sound",US,0.0,158.0,
UWPHHCZoop_CB1009-20131003DBD,stationVisit,UWPHHCZoop_CB1009,2013-10-03T14:11:00-0700,DB,Dabob,47.378,-123.117,,EPSG:4386,"Hood Canal, Puget Sound",US,0.0,65.0,
UWPHHCZoop_CB1009-20131003DBN,stationVisit,UWPHHCZoop_CB1009,2013-10-03T20:16:00-0700,DB,Dabob,47.378,-123.117,,EPSG:4386,"Hood Canal, Puget Sound",US,0.0,63.0,
20120611UNDm1_200,sample,UWPHHCZoop_CB975-20120611UND,2012-06-11T14:10:00-0700,UN,Union,47.812,-122.807,,EPSG:4386,"Hood Canal, Puget Sound",US,16.0,72.0,"depth stratified net tow using 0.25 m2 HydroBios MultiNet Multiple Plankton Sampler, net code m1, 200 micron mesh (qualifier: )"
20120611UNDm1_335,sample,UWPHHCZoop_CB975-20120611UND,2012-06-11T15:50:00-0700,UN,Union,47.812,-122.807,,EPSG:4386,"Hood Canal, Puget Sound",US,16.0,40.0,"depth stratified net tow using 0.25 m2 HydroBios MultiNet Multiple Plankton Sampler, net code m1, 335 micron mesh (qualifier: )"
20120611UNDm2_335,sample,UWPHHCZoop_CB975-20120611UND,2012-06-11T15:50:00-0700,UN,Union,47.812,-122.807,,EPSG:4386,"Hood Canal, Puget Sound",US,8.0,16.0,"depth stratified net tow using 0.25 m2 HydroBios MultiNet Multiple Plankton Sampler, net code m2, 335 micron mesh (qualifier: )"
20120611UNDm3_335,sample,UWPHHCZoop_CB975-20120611UND,2012-06-11T15:50:00-0700,UN,Union,47.812,-122.807,,EPSG:4386,"Hood Canal, Puget Sound",US,0.0,8.0,"depth stratified net tow using 0.25 m2 HydroBios MultiNet Multiple Plankton Sampler, net code m3, 335 micron mesh (qualifier: )"
20120611UNDm2_200,sample,UWPHHCZoop_CB975-20120611UND,2012-06-11T16:53:00-0700,UN,Union,47.812,-122.807,,EPSG:4386,"Hood Canal, Puget Sound",US,8.0,16.0,"depth stratified net tow using 0.25 m2 HydroBios MultiNet Multiple Plankton Sampler, net code m2, 200 micron mesh (qualifier: )"
20120611UNDm4_200,sample,UWPHHCZoop_CB975-20120611UND,2012-06-11T16:53:00-0700,UN,Union,47.812,-122.807,,EPSG:4386,"Hood Canal, Puget Sound",US,0.0,72.0,"full water column net tow using 0.25 m2 HydroBios MultiNet Multiple Plankton Sampler, net code m4, 200 micron mesh (qualifier: )"
20120611UNNm1_335,sample,UWPHHCZoop_CB975-20120611UNN,2012-06-11T22:45:00-0700,UN,Union,47.812,-122.807,,EPSG:4386,"Hood Canal, Puget Sound",US,16.0,40.0,"depth stratified net tow using 0.25 m2 HydroBios MultiNet Multiple Plankton Sampler, net code m1, 335 micron mesh (qualifier: )"
20120611UNNm2_335,sample,UWPHHCZoop_CB975-20120611UNN,2012-06-11T22:45:00-0700,UN,Union,47.812,-122.807,,EPSG:4386,"Hood Canal, Puget Sound",US,8.0,16.0,"depth stratified net tow using 0.25 m2 HydroBios MultiNet Multiple Plankton Sampler, net code m2, 335 micron mesh (qualifier: )"
20120611UNNm3_335,sample,UWPHHCZoop_CB975-20120611UNN,2012-06-11T22:45:00-0700,UN,Union,47.812,-122.807,,EPSG:4386,"Hood Canal, Puget Sound",US,0.0,8.0,"depth stratified net tow using 0.25 m2 HydroBios MultiNet Multiple Plankton Sampler, net code m3, 335 micron mesh (qualifier: )"
20120611UNDm3_200,sample,UWPHHCZoop_CB975-20120611UND,2012-06-11T23:10:00-0700,UN,Union,47.812,-122.807,,EPSG:4386,"Hood Canal, Puget Sound",US,0.0,8.0,"depth stratified net tow using 0.25 m2 HydroBios MultiNet Multiple Plankton Sampler, net code m3, 200 micron mesh (qualifier: )"
20120611UNNm1_200,sample,UWPHHCZoop_CB975-20120611UNN,2012-06-11T23:10:00-0700,UN,Union,47.812,-122.807,,EPSG:4386,"Hood Canal, Puget Sound",US,16.0,50.0,"depth stratified net tow using 0.25 m2 HydroBios MultiNet Multiple Plankton Sampler, net code m1, 200 micron mesh (qualifier: )"
20120611UNNm2_200,sample,UWPHHCZoop_CB975-20120611UNN,2012-06-11T23:10:00-0700,UN,Union,47.812,-122.807,,EPSG:4386,"Hood Canal, Puget Sound",US,8.0,16.0,"depth stratified net tow using 0.25 m2 HydroBios MultiNet Multiple Plankton Sampler, net code m2, 200 micron mesh (qualifier: )"
20120611UNNm3_200,sample,UWPHHCZoop_CB975-20120611UNN,2012-06-11T23:10:00-0700,UN,Union,47.812,-122.807,,EPSG:4386,"Hood Canal, Puget Sound",US,0.0,8.0,"depth stratified net tow using 0.25 m2 HydroBios MultiNet Multiple Plankton Sampler, net code m3, 200 micron mesh (qualifier: )"
20120612HPDm5_335,sample,UWPHHCZoop_CB975-20120612HPD,2012-06-12T16:45:00-0700,HP,Hoodsport,47.581,-122.986,,EPSG:4386,"Hood Canal, Puget Sound",US,0.0,12.0,"full water column net tow using 0.25 m2 HydroBios MultiNet Multiple Plankton Sampler, net code m5, 335 micron mesh (qualifier: )"
20120612HPNm0_335,sample,UWPHHCZoop_CB975-20120612HPN,2012-06-12T23:00:00-0700,HP,Hoodsport,47.581,-122.986,,EPSG:4386,"Hood Canal, Puget Sound",US,0.0,99.0,"full water column net tow using 0.25 m2 HydroBios MultiNet Multiple Plankton Sampler, net code m0, 335 micron mesh (qualifier: )"
20120613HPBNm1_200,sample,UWPHHCZoop_CB975-20120613HPN,2012-06-13T00:50:00-0700,HP,Hoodsport,47.581,-122.986,,EPSG:4386,"Hood Canal, Puget Sound",US,0.0,106.0,"full water column net tow using 0.25 m2 HydroBios MultiNet Multiple Plankton Sampler, net code m1, 200 micron mesh (qualifier: B)"
20120613DUDm1_200,sample,UWPHHCZoop_CB975-20120613DUD,2012-06-13T19:53:00-0700,DU,Duckabush,47.404,-123.125,,EPSG:4386,"Hood Canal, Puget Sound",US,10.0,145.0,"full water column net tow using 0.25 m2 HydroBios MultiNet Multiple Plankton Sampler, net code m1, 200 micron mesh (qualifier: )"
20120614DBDm1_200,sample,UWPHHCZoop_CB975-20120614DBD,2012-06-14T17:25:00-0700,DB,Dabob,47.378,-123.117,,EPSG:4386,"Hood Canal, Puget Sound",US,40.0,65.0,"depth stratified net tow using 0.25 m2 HydroBios MultiNet Multiple Plankton Sampler, net code m1, 200 micron mesh (qualifier: )"
20120614DBDm2_200,sample,UWPHHCZoop_CB975-20120614DBD,2012-06-14T17:25:00-0700,DB,Dabob,47.378,-123.117,,EPSG:4386,"Hood Canal, Puget Sound",US,20.0,40.0,"depth stratified net tow using 0.25 m2 HydroBios MultiNet Multiple Plankton Sampler, net code m2, 200 micron mesh (qualifier: )"
20120614DBDm3_200,sample,UWPHHCZoop_CB975-20120614DBD,2012-06-14T17:25:00-0700,DB,Dabob,47.378,-123.117,,EPSG:4386,"Hood Canal, Puget Sound",US,9.0,20.0,"depth stratified net tow using 0.25 m2 HydroBios MultiNet Multiple Plankton Sampler, net code m3, 200 micron mesh (qualifier: )"
20120614DBDm4_200,sample,UWPHHCZoop_CB975-20120614DBD,2012-06-14T17:25:00-0700,DB,Dabob,47.378,-123.117,,EPSG:4386,"Hood Canal, Puget Sound",US,0.0,9.0,"depth stratified net tow using 0.25 m2 HydroBios MultiNet Multiple Plankton Sampler, net code m4, 200 micron mesh (qualifier: )"
20120614DBDm2_335,sample,UWPHHCZoop_CB975-20120614DBD,2012-06-14T17:57:00-0700,DB,Dabob,47.378,-123.117,,EPSG:4386,"Hood Canal, Puget Sound",US,40.0,73.0,"depth stratified net tow using 0.25 m2 HydroBios MultiNet Multiple Plankton Sampler, net code m2, 335 micron mesh (qualifier: )"
20120614DBDm3_335,sample,UWPHHCZoop_CB975-20120614DBD,2012-06-14T17:57:00-0700,DB,Dabob,47.378,-123.117,,EPSG:4386,"Hood Canal, Puget Sound",US,20.0,40.0,"depth stratified net tow using 0.25 m2 HydroBios MultiNet Multiple Plankton Sampler, net code m3, 335 micron mesh (qualifier: )"
20120614DBDm4_335,sample,UWPHHCZoop_CB975-20120614DBD,2012-06-14T17:57:00-0700,DB,Dabob,47.378,-123.117,,EPSG:4386,"Hood Canal, Puget Sound",US,9.0,20.0,"depth stratified net tow using 0.25 m2 HydroBios MultiNet Multiple Plankton Sampler, net code m4, 335 micron mesh (qualifier: )"
20120614DBDm5_335,sample,UWPHHCZoop_CB975-20120614DBD,2012-06-14T17:57:00-0700,DB,Dabob,47.378,-123.117,,EPSG:4386,"Hood Canal, Puget Sound",US,0.0,9.0,"depth stratified net tow using 0.25 m2 HydroBios MultiNet Multiple Plankton Sampler, net code m5, 335 micron mesh (qualifier: )"
20120614DBNm4_200,sample,UWPHHCZoop_CB975-20120614DBN,2012-06-14T22:15:00-0700,DB,Dabob,47.378,-123.117,,EPSG:4386,"Hood Canal, Puget Sound",US,11.0,20.0,"depth stratified net tow using 0.25 m2 HydroBios MultiNet Multiple Plankton Sampler, net code m4, 200 micron mesh (qualifier: )"
20120614DBNm3_200,sample,UWPHHCZoop_CB975-20120614DBN,2012-06-14T22:15:00-0700,DB,Dabob,47.378,-123.117,,EPSG:4386,"Hood Canal, Puget Sound",US,20.0,40.0,"depth stratified net tow using 0.25 m2 HydroBios MultiNet Multiple Plankton Sampler, net code m3, 200 micron mesh (qualifier: )"
20120614DBNm5_200,sample,UWPHHCZoop_CB975-20120614DBN,2012-06-14T22:15:00-0700,DB,Dabob,47.378,-123.117,,EPSG:4386,"Hood Canal, Puget Sound",US,0.0,11.0,"depth stratified net tow using 0.25 m2 HydroBios MultiNet Multiple Plankton Sampler, net code m5, 200 micron mesh (qualifier: )"
20120614DBNm1_200,sample,UWPHHCZoop_CB975-20120614DBN,2012-06-14T22:15:00-0700,DB,Dabob,47.378,-123.117,,EPSG:4386,"Hood Canal, Puget Sound",US,65.0,95.0,"depth stratified net tow using 0.25 m2 HydroBios MultiNet Multiple Plankton Sampler, net code m1, 200 micron mesh (qualifier: )"
20120614DBNm2_200,sample,UWPHHCZoop_CB975-20120614DBN,2012-06-14T22:15:00-0700,DB,Dabob,47.378,-123.117,,EPSG:4386,"Hood Canal, Puget Sound",US,40.0,65.0,"depth stratified net tow using 0.25 m2 HydroBios MultiNet Multiple Plankton Sampler, net code m2, 200 micron mesh (qualifier: )"
20120614DBNm2_335,sample,UWPHHCZoop_CB975-20120614DBN,2012-06-14T22:50:00-0700,DB,Dabob,47.378,-123.117,,EPSG:4386,"Hood Canal, Puget Sound",US,21.0,40.0,"depth stratified net tow using 0.25 m2 HydroBios MultiNet Multiple Plankton Sampler, net code m2, 335 micron mesh (qualifier: )"
20120614DBNm1_335,sample,UWPHHCZoop_CB975-20120614DBN,2012-06-14T22:50:00-0700,DB,Dabob,47.378,-123.117,,EPSG:4386,"Hood Canal, Puget Sound",US,40.0,67.0,"depth stratified net tow using 0.25 m2 HydroBios MultiNet Multiple Plankton Sampler, net code m1, 335 micron mesh (qualifier: )"
20120614DBNm3_335,sample,UWPHHCZoop_CB975-20120614DBN,2012-06-14T22:50:00-0700,DB,Dabob,47.378,-123.117,,EPSG:4386,"Hood Canal, Puget Sound",US,11.0,22.0,"depth stratified net tow using 0.25 m2 HydroBios MultiNet Multiple Plankton Sampler, net code m3, 335 micron mesh (qualifier: )"
20120614DBNm4_335,sample,UWPHHCZoop_CB975-20120614DBN,2012-06-14T22:50:00-0700,DB,Dabob,47.378,-123.117,,EPSG:4386,"Hood Canal, Puget Sound",US,0.0,11.0,"depth stratified net tow using 0.25 m2 HydroBios MultiNet Multiple Plankton Sampler, net code m4, 335 micron mesh (qualifier: )"
20120709UNDm2_200,sample,UWPHHCZoop_CB979-20120709UND,2012-07-09T16:40:00-0700,UN,Union,47.812,-122.807,,EPSG:4386,"Hood Canal, Puget Sound",US,40.0,55.0,"depth stratified net tow using 0.25 m2 HydroBios MultiNet Multiple Plankton Sampler, net code m2, 200 micron mesh (qualifier: )"
20120709UNDm3_200,sample,UWPHHCZoop_CB979-20120709UND,2012-07-09T16:40:00-0700,UN,Union,47.812,-122.807,,EPSG:4386,"Hood Canal, Puget Sound",US,16.0,40.0,"depth stratified net tow using 0.25 m2 HydroBios MultiNet Multiple Plankton Sampler, net code m3, 200 micron mesh (qualifier: )"
20120709UNDm4_200,sample,UWPHHCZoop_CB979-20120709UND,2012-07-09T16:40:00-0700,UN,Union,47.812,-122.807,,EPSG:4386,"Hood Canal, Puget Sound",US,8.0,16.0,"depth stratified net tow using 0.25 m2 HydroBios MultiNet Multiple Plankton Sampler, net code m4, 200 micron mesh (qualifier: )"
20120709UNDm5_200,sample,UWPHHCZoop_CB979-20120709UND,2012-07-09T16:40:00-0700,UN,Union,47.812,-122.807,,EPSG:4386,"Hood Canal, Puget Sound",US,0.0,8.0,"depth stratified net tow using 0.25 m2 HydroBios MultiNet Multiple Plankton Sampler, net code m5, 200 micron mesh (qualifier: )"
20120709UNDm1_335,sample,UWPHHCZoop_CB979-20120709UND,2012-07-09T17:30:00-0700,UN,Union,47.812,-122.807,,EPSG:4386,"Hood Canal, Puget Sound",US,40.0,50.0,"depth stratified net tow using 0.25 m2 HydroBios MultiNet Multiple Plankton Sampler, net code m1, 335 micron mesh (qualifier: )"
20120709UNDm2_335,sample,UWPHHCZoop_CB979-20120709UND,2012-07-09T17:30:00-0700,UN,Union,47.812,-122.807,,EPSG:4386,"Hood Canal, Puget Sound",US,16.0,40.0,"depth stratified net tow using 0.25 m2 HydroBios MultiNet Multiple Plankton Sampler, net code m2, 335 micron mesh (qualifier: )"
20120709UNDm3_335,sample,UWPHHCZoop_CB979-20120709UND,2012-07-09T17:30:00-0700,UN,Union,47.812,-122.807,,EPSG:4386,"Hood Canal, Puget Sound",US,8.0,16.0,"depth stratified net tow using 0.25 m2 HydroBios MultiNet Multiple Plankton Sampler, net code m3, 335 micron mesh (qualifier: )"
20120709UNDm4_335,sample,UWPHHCZoop_CB979-20120709UND,2012-07-09T17:30:00-0700,UN,Union,47.812,-122.807,,EPSG:4386,"Hood Canal, Puget Sound",US,0.0,8.0,"depth stratified net tow using 0.25 m2 HydroBios MultiNet Multiple Plankton Sampler, net code m4, 335 micron mesh (qualifier: )"
20120709UNNm5_335,sample,UWPHHCZoop_CB979-20120709UNN,2012-07-09T22:10:00-0700,UN,Union,47.812,-122.807,,EPSG:4386,"Hood Canal, Puget Sound",US,0.0,8.0,"depth stratified net tow using 0.25 m2 HydroBios MultiNet Multiple Plankton Sampler, net code m5, 335 micron mesh (qualifier: )"
20120709UNNm3_200,sample,UWPHHCZoop_CB979-20120709UNN,2012-07-09T22:10:00-0700,UN,Union,47.812,-122.807,,EPSG:4386,"Hood Canal, Puget Sound",US,8.0,16.0,"depth stratified net tow using 0.25 m2 HydroBios MultiNet Multiple Plankton Sampler, net code m3, 200 micron mesh (qualifier: )"
20120709UNNm4_200,sample,UWPHHCZoop_CB979-20120709UNN,2012-07-09T22:10:00-0700,UN,Union,47.812,-122.807,,EPSG:4386,"Hood Canal, Puget Sound",US,0.0,8.0,"depth stratified net tow using 0.25 m2 HydroBios MultiNet Multiple Plankton Sampler, net code m4, 200 micron mesh (qualifier: )"
20120709UNNm2_200,sample,UWPHHCZoop_CB979-20120709UNN,2012-07-09T22:10:00-0700,UN,Union,47.812,-122.807,,EPSG:4386,"Hood Canal, Puget Sound",US,16.0,40.0,"depth stratified net tow using 0.25 m2 HydroBios MultiNet Multiple Plankton Sampler, net code m2, 200 micron mesh (qualifier: )"
20120709UNNm1_200,sample,UWPHHCZoop_CB979-20120709UNN,2012-07-09T22:10:00-0700,UN,Union,47.812,-122.807,,EPSG:4386,"Hood Canal, Puget Sound",US,40.0,53.0,"depth stratified net tow using 0.25 m2 HydroBios MultiNet Multiple Plankton Sampler, net code m1, 200 micron mesh (qualifier: )"
20120709UNNm3_335,sample,UWPHHCZoop_CB979-20120709UNN,2012-07-09T22:45:00-0700,UN,Union,47.812,-122.807,,EPSG:4386,"Hood Canal, Puget Sound",US,16.0,40.0,"depth stratified net tow using 0.25 m2 HydroBios MultiNet Multiple Plankton Sampler, net code m3, 335 micron mesh (qualifier: )"
20120709UNNm4_335,sample,UWPHHCZoop_CB979-20120709UNN,2012-07-09T22:45:00-0700,UN,Union,47.812,-122.807,,EPSG:4386,"Hood Canal, Puget Sound",US,8.0,16.0,"depth stratified net tow using 0.25 m2 HydroBios MultiNet Multiple Plankton Sampler, net code m4, 335 micron mesh (qualifier: )"
20120709UNNm2_335,sample,UWPHHCZoop_CB979-20120709UNN,2012-07-09T22:45:00-0700,UN,Union,47.812,-122.807,,EPSG:4386,"Hood Canal, Puget Sound",US,40.0,53.0,"depth stratified net tow using 0.25 m2 HydroBios MultiNet Multiple Plankton Sampler, net code m2, 335 micron mesh (qualifier: )"
20120709UNbNm3,sample,UWPHHCZoop_CB979-20120709UNN,2012-07-09T23:37:00-0700,UN,Union,47.812,-122.807,,EPSG:4386,"Hood Canal, Puget Sound",US,0.0,10.0,"depth stratified net tow using 0.25 m2 HydroBios MultiNet Multiple Plankton Sampler, net code m3, 335 micron mesh (qualifier: b)"
20120711HPNm2_200,sample,UWPHHCZoop_CB979-20120711HPN,2012-07-11T00:15:00-0700,HP,Hoodsport,47.581,-122.986,,EPSG:4386,"Hood Canal, Puget Sound",US,2.2,101.7,"full water column net tow using 0.25 m2 HydroBios MultiNet Multiple Plankton Sampler, net code m2, 200 micron mesh (qualifier: )"
20120711DUDm1_200,sample,UWPHHCZoop_CB979-20120711DUD,2012-07-11T19:30:00-0700,DU,Duckabush,47.404,-123.125,,EPSG:4386,"Hood Canal, Puget Sound",US,0.0,158.0,"full water column net tow using 0.25 m2 HydroBios MultiNet Multiple Plankton Sampler, net code m1, 200 micron mesh (qualifier: )"
20120712DBDm3_200,sample,UWPHHCZoop_CB979-20120712DBD,2012-07-12T16:23:00-0700,DB,Dabob,47.378,-123.117,,EPSG:4386,"Hood Canal, Puget Sound",US,12.0,30.0,"depth stratified net tow using 0.25 m2 HydroBios MultiNet Multiple Plankton Sampler, net code m3, 200 micron mesh (qualifier: )"
20120712DBDm4_200,sample,UWPHHCZoop_CB979-20120712DBD,2012-07-12T16:23:00-0700,DB,Dabob,47.378,-123.117,,EPSG:4386,"Hood Canal, Puget Sound",US,0.0,12.0,"depth stratified net tow using 0.25 m2 HydroBios MultiNet Multiple Plankton Sampler, net code m4, 200 micron mesh (qualifier: )"
20120712DBDm1_200,sample,UWPHHCZoop_CB979-20120712DBD,2012-07-12T16:23:00-0700,DB,Dabob,47.378,-123.117,,EPSG:4386,"Hood Canal, Puget Sound",US,45.0,70.0,"depth stratified net tow using 0.25 m2 HydroBios MultiNet Multiple Plankton Sampler, net code m1, 200 micron mesh (qualifier: )"
20120712DBDm2_200,sample,UWPHHCZoop_CB979-20120712DBD,2012-07-12T16:23:00-0700,DB,Dabob,47.378,-123.117,,EPSG:4386,"Hood Canal, Puget Sound",US,30.0,45.0,"depth stratified net tow using 0.25 m2 HydroBios MultiNet Multiple Plankton Sampler, net code m2, 200 micron mesh (qualifier: )"
20120712DBNm1_335,sample,UWPHHCZoop_CB979-20120712DBN,2012-07-12T22:45:00-0700,DB,Dabob,47.378,-123.117,,EPSG:4386,"Hood Canal, Puget Sound",US,45.0,70.0,"depth stratified net tow using 0.25 m2 HydroBios MultiNet Multiple Plankton Sampler, net code m1, 335 micron mesh (qualifier: )"
20120712DBNm2_335,sample,UWPHHCZoop_CB979-20120712DBN,2012-07-12T22:45:00-0700,DB,Dabob,47.378,-123.117,,EPSG:4386,"Hood Canal, Puget Sound",US,30.0,45.0,"depth stratified net tow using 0.25 m2 HydroBios MultiNet Multiple Plankton Sampler, net code m2, 335 micron mesh (qualifier: )"
20120712DBNm3_335,sample,UWPHHCZoop_CB979-20120712DBN,2012-07-12T22:45:00-0700,DB,Dabob,47.378,-123.117,,EPSG:4386,"Hood Canal, Puget Sound",US,12.0,30.0,"depth stratified net tow using 0.25 m2 HydroBios MultiNet Multiple Plankton Sampler, net code m3, 335 micron mesh (qualifier: )"
20120712DBNm4_335,sample,UWPHHCZoop_CB979-20120712DBN,2012-07-12T22:45:00-0700,DB,Dabob,47.378,-123.117,,EPSG:4386,"Hood Canal, Puget Sound",US,0.0,12.0,"depth stratified net tow using 0.25 m2 HydroBios MultiNet Multiple Plankton Sampler, net code m4, 335 micron mesh (qualifier: )"
20120713DBNm1_200,sample,UWPHHCZoop_CB979-20120713DBN,2012-07-13T00:17:00-0700,DB,Dabob,47.378,-123.117,,EPSG:4386,"Hood Canal, Puget Sound",US,45.0,70.0,"depth stratified net tow using 0.25 m2 HydroBios MultiNet Multiple Plankton Sampler, net code m1, 200 micron mesh (qualifier: )"
20120713DBNm2_200,sample,UWPHHCZoop_CB979-20120713DBN,2012-07-13T00:17:00-0700,DB,Dabob,47.378,-123.117,,EPSG:4386,"Hood Canal, Puget Sound",US,30.0,45.0,"depth stratified net tow using 0.25 m2 HydroBios MultiNet Multiple Plankton Sampler, net code m2, 200 micron mesh (qualifier: )"
20120713DBNm3_200,sample,UWPHHCZoop_CB979-20120713DBN,2012-07-13T00:17:00-0700,DB,Dabob,47.378,-123.117,,EPSG:4386,"Hood Canal, Puget Sound",US,12.0,30.0,"depth stratified net tow using 0.25 m2 HydroBios MultiNet Multiple Plankton Sampler, net code m3, 200 micron mesh (qualifier: )"
20120713DBNm4_200,sample,UWPHHCZoop_CB979-20120713DBN,2012-07-13T00:17:00-0700,DB,Dabob,47.378,-123.117,,EPSG:4386,"Hood Canal, Puget Sound",US,0.0,12.0,"depth stratified net tow using 0.25 m2 HydroBios MultiNet Multiple Plankton Sampler, net code m4, 200 micron mesh (qualifier: )"
20120806UNDm1_200,sample,UWPHHCZoop_CB982-20120806UND,2012-08-06T15:35:00-0700,UN,Union,47.812,-122.807,,EPSG:4386,"Hood Canal, Puget Sound",US,0.0,55.0,"full water column net tow using 0.25 m2 HydroBios MultiNet Multiple Plankton Sampler, net code m1, 200 micron mesh (qualifier: )"
20120806UNNm0_335,sample,UWPHHCZoop_CB982-20120806UNN,2012-08-06T21:35:00-0700,UN,Union,47.812,-122.807,,EPSG:4386,"Hood Canal, Puget Sound",US,0.0,50.0,"full water column net tow using 0.25 m2 HydroBios MultiNet Multiple Plankton Sampler, net code m0, 335 micron mesh (qualifier: )"
20120808HPiiiNm1_200,sample,UWPHHCZoop_CB982-20120808HPN,2012-08-08T00:28:00-0700,HP,Hoodsport,47.581,-122.986,,EPSG:4386,"Hood Canal, Puget Sound",US,0.0,102.0,"full water column net tow using 0.25 m2 HydroBios MultiNet Multiple Plankton Sampler, net code m1, 200 micron mesh (qualifier: iii)"
20120808DUiiDm1_200,sample,UWPHHCZoop_CB982-20120808DUD,2012-08-08T18:49:00-0700,DU,Duckabush,47.404,-123.125,,EPSG:4386,"Hood Canal, Puget Sound",US,0.0,165.0,"full water column net tow using 0.25 m2 HydroBios MultiNet Multiple Plankton Sampler, net code m1, 200 micron mesh (qualifier: ii)"
20120809DBNm1_200,sample,UWPHHCZoop_CB982-20120809DBN,2012-08-09T22:49:00-0700,DB,Dabob,47.378,-123.117,,EPSG:4386,"Hood Canal, Puget Sound",US,0.0,70.0,"full water column net tow using 0.25 m2 HydroBios MultiNet Multiple Plankton Sampler, net code m1, 200 micron mesh (qualifier: )"
20120810DBNm0_335,sample,UWPHHCZoop_CB982-20120810DBN,2012-08-10T00:29:00-0700,DB,Dabob,47.378,-123.117,,EPSG:4386,"Hood Canal, Puget Sound",US,0.0,70.0,"full water column net tow using 0.25 m2 HydroBios MultiNet Multiple Plankton Sampler, net code m0, 335 micron mesh (qualifier: )"
20120902UNADm1_335,sample,UWPHHCZoop_CB986-20120902UND,2012-09-02T14:32:00-0700,UN,Union,47.812,-122.807,,EPSG:4386,"Hood Canal, Puget Sound",US,45.0,60.0,"depth stratified net tow using 0.25 m2 HydroBios MultiNet Multiple Plankton Sampler, net code m1, 335 micron mesh (qualifier: A)"
20120902UNADm2_335,sample,UWPHHCZoop_CB986-20120902UND,2012-09-02T14:32:00-0700,UN,Union,47.812,-122.807,,EPSG:4386,"Hood Canal, Puget Sound",US,20.0,45.0,"depth stratified net tow using 0.25 m2 HydroBios MultiNet Multiple Plankton Sampler, net code m2, 335 micron mesh (qualifier: A)"
20120902UNADm3_335,sample,UWPHHCZoop_CB986-20120902UND,2012-09-02T14:32:00-0700,UN,Union,47.812,-122.807,,EPSG:4386,"Hood Canal, Puget Sound",US,7.0,20.0,"depth stratified net tow using 0.25 m2 HydroBios MultiNet Multiple Plankton Sampler, net code m3, 335 micron mesh (qualifier: A)"
20120902UNADm4_335,sample,UWPHHCZoop_CB986-20120902UND,2012-09-02T14:32:00-0700,UN,Union,47.812,-122.807,,EPSG:4386,"Hood Canal, Puget Sound",US,0.0,7.0,"depth stratified net tow using 0.25 m2 HydroBios MultiNet Multiple Plankton Sampler, net code m4, 335 micron mesh (qualifier: A)"
20120902UNDm5_200,sample,UWPHHCZoop_CB986-20120902UND,2012-09-02T15:13:00-0700,UN,Union,47.812,-122.807,,EPSG:4386,"Hood Canal, Puget Sound",US,0.0,7.0,"depth stratified net tow using 0.25 m2 HydroBios MultiNet Multiple Plankton Sampler, net code m5, 200 micron mesh (qualifier: )"
20120902UNDm4_200,sample,UWPHHCZoop_CB986-20120902UND,2012-09-02T15:13:00-0700,UN,Union,47.812,-122.807,,EPSG:4386,"Hood Canal, Puget Sound",US,7.0,20.0,"depth stratified net tow using 0.25 m2 HydroBios MultiNet Multiple Plankton Sampler, net code m4, 200 micron mesh (qualifier: )"
20120902UNDm2_200,sample,UWPHHCZoop_CB986-20120902UND,2012-09-02T15:13:00-0700,UN,Union,47.812,-122.807,,EPSG:4386,"Hood Canal, Puget Sound",US,43.0,62.0,"depth stratified net tow using 0.25 m2 HydroBios MultiNet Multiple Plankton Sampler, net code m2, 200 micron mesh (qualifier: )"
20120902UNDm3_200,sample,UWPHHCZoop_CB986-20120902UND,2012-09-02T15:13:00-0700,UN,Union,47.812,-122.807,,EPSG:4386,"Hood Canal, Puget Sound",US,20.0,45.0,"depth stratified net tow using 0.25 m2 HydroBios MultiNet Multiple Plankton Sampler, net code m3, 200 micron mesh (qualifier: )"
20120902UNiiNm1_200,sample,UWPHHCZoop_CB986-20120902UNN,2012-09-02T21:34:00-0700,UN,Union,47.812,-122.807,,EPSG:4386,"Hood Canal, Puget Sound",US,60.0,70.0,"depth stratified net tow using 0.25 m2 HydroBios MultiNet Multiple Plankton Sampler, net code m1, 200 micron mesh (qualifier: ii)"
20120902UNiiNm2_200,sample,UWPHHCZoop_CB986-20120902UNN,2012-09-02T21:34:00-0700,UN,Union,47.812,-122.807,,EPSG:4386,"Hood Canal, Puget Sound",US,45.0,60.0,"depth stratified net tow using 0.25 m2 HydroBios MultiNet Multiple Plankton Sampler, net code m2, 200 micron mesh (qualifier: ii)"
20120902UNiiNm3_200,sample,UWPHHCZoop_CB986-20120902UNN,2012-09-02T21:34:00-0700,UN,Union,47.812,-122.807,,EPSG:4386,"Hood Canal, Puget Sound",US,20.0,45.0,"depth stratified net tow using 0.25 m2 HydroBios MultiNet Multiple Plankton Sampler, net code m3, 200 micron mesh (qualifier: ii)"
20120902UNiiNm4_200,sample,UWPHHCZoop_CB986-20120902UNN,2012-09-02T21:34:00-0700,UN,Union,47.812,-122.807,,EPSG:4386,"Hood Canal, Puget Sound",US,7.0,20.0,"depth stratified net tow using 0.25 m2 HydroBios MultiNet Multiple Plankton Sampler, net code m4, 200 micron mesh (qualifier: ii)"
20120902UNiiNm5_200,sample,UWPHHCZoop_CB986-20120902UNN,2012-09-02T21:34:00-0700,UN,Union,47.812,-122.807,,EPSG:4386,"Hood Canal, Puget Sound",US,0.0,7.0,"depth stratified net tow using 0.25 m2 HydroBios MultiNet Multiple Plankton Sampler, net code m5, 200 micron mesh (qualifier: ii)"
20120902UNBNm5_335,sample,UWPHHCZoop_CB986-20120902UNN,2012-09-02T23:09:00-0700,UN,Union,47.812,-122.807,,EPSG:4386,"Hood Canal, Puget Sound",US,0.0,7.0,"depth stratified net tow using 0.25 m2 HydroBios MultiNet Multiple Plankton Sampler, net code m5, 335 micron mesh (qualifier: B)"
20120902UNBNm3_335,sample,UWPHHCZoop_CB986-20120902UNN,2012-09-02T23:09:00-0700,UN,Union,47.812,-122.807,,EPSG:4386,"Hood Canal, Puget Sound",US,20.0,35.0,"depth stratified net tow using 0.25 m2 HydroBios MultiNet Multiple Plankton Sampler, net code m3, 335 micron mesh (qualifier: B)"
20120902UNBNm2_335,sample,UWPHHCZoop_CB986-20120902UNN,2012-09-02T23:09:00-0700,UN,Union,47.812,-122.807,,EPSG:4386,"Hood Canal, Puget Sound",US,35.0,45.0,"depth stratified net tow using 0.25 m2 HydroBios MultiNet Multiple Plankton Sampler, net code m2, 335 micron mesh (qualifier: B)"
20120902UNBNm1_335,sample,UWPHHCZoop_CB986-20120902UNN,2012-09-02T23:09:00-0700,UN,Union,47.812,-122.807,,EPSG:4386,"Hood Canal, Puget Sound",US,45.0,60.0,"depth stratified net tow using 0.25 m2 HydroBios MultiNet Multiple Plankton Sampler, net code m1, 335 micron mesh (qualifier: B)"
20120902UNBNm4_335,sample,UWPHHCZoop_CB986-20120902UNN,2012-09-02T23:09:00-0700,UN,Union,47.812,-122.807,,EPSG:4386,"Hood Canal, Puget Sound",US,7.0,20.0,"depth stratified net tow using 0.25 m2 HydroBios MultiNet Multiple Plankton Sampler, net code m4, 335 micron mesh (qualifier: B)"
20120903HPDm1_200,sample,UWPHHCZoop_CB986-20120903HPD,2012-09-03T17:51:00-0700,HP,Hoodsport,47.581,-122.986,,EPSG:4386,"Hood Canal, Puget Sound",US,0.0,112.0,"full water column net tow using 0.25 m2 HydroBios MultiNet Multiple Plankton Sampler, net code m1, 200 micron mesh (qualifier: )"
20120904DUDm1_200,sample,UWPHHCZoop_CB986-20120904DUD,2012-09-04T18:13:00-0700,DU,Duckabush,47.404,-123.125,,EPSG:4386,"Hood Canal, Puget Sound",US,0.0,165.0,"full water column net tow using 0.25 m2 HydroBios MultiNet Multiple Plankton Sampler, net code m1, 200 micron mesh (qualifier: )"
20120905DBDm3_200,sample,UWPHHCZoop_CB986-20120905DBD,2012-09-05T15:12:00-0700,DB,Dabob,47.378,-123.117,,EPSG:4386,"Hood Canal, Puget Sound",US,9.0,25.0,"depth stratified net tow using 0.25 m2 HydroBios MultiNet Multiple Plankton Sampler, net code m3, 200 micron mesh (qualifier: )"
20120905DBDm4_200,sample,UWPHHCZoop_CB986-20120905DBD,2012-09-05T15:12:00-0700,DB,Dabob,47.378,-123.117,,EPSG:4386,"Hood Canal, Puget Sound",US,0.0,9.0,"depth stratified net tow using 0.25 m2 HydroBios MultiNet Multiple Plankton Sampler, net code m4, 200 micron mesh (qualifier: )"
20120905DBDm1_200,sample,UWPHHCZoop_CB986-20120905DBD,2012-09-05T15:12:00-0700,DB,Dabob,47.378,-123.117,,EPSG:4386,"Hood Canal, Puget Sound",US,50.0,70.0,"depth stratified net tow using 0.25 m2 HydroBios MultiNet Multiple Plankton Sampler, net code m1, 200 micron mesh (qualifier: )"
20120905DBDm2_200,sample,UWPHHCZoop_CB986-20120905DBD,2012-09-05T15:12:00-0700,DB,Dabob,47.378,-123.117,,EPSG:4386,"Hood Canal, Puget Sound",US,25.0,50.0,"depth stratified net tow using 0.25 m2 HydroBios MultiNet Multiple Plankton Sampler, net code m2, 200 micron mesh (qualifier: )"
20120905DBADm5_335,sample,UWPHHCZoop_CB986-20120905DBD,2012-09-05T15:35:00-0700,DB,Dabob,47.378,-123.117,,EPSG:4386,"Hood Canal, Puget Sound",US,0.0,9.0,"depth stratified net tow using 0.25 m2 HydroBios MultiNet Multiple Plankton Sampler, net code m5, 335 micron mesh (qualifier: A)"
20120905DBADm4_335,sample,UWPHHCZoop_CB986-20120905DBD,2012-09-05T15:35:00-0700,DB,Dabob,47.378,-123.117,,EPSG:4386,"Hood Canal, Puget Sound",US,9.0,25.0,"depth stratified net tow using 0.25 m2 HydroBios MultiNet Multiple Plankton Sampler, net code m4, 335 micron mesh (qualifier: A)"
20120905DBADm1_335,sample,UWPHHCZoop_CB986-20120905DBD,2012-09-05T15:35:00-0700,DB,Dabob,47.378,-123.117,,EPSG:4386,"Hood Canal, Puget Sound",US,60.0,70.0,"depth stratified net tow using 0.25 m2 HydroBios MultiNet Multiple Plankton Sampler, net code m1, 335 micron mesh (qualifier: A)"
20120905DBADm3_335,sample,UWPHHCZoop_CB986-20120905DBD,2012-09-05T15:35:00-0700,DB,Dabob,47.378,-123.117,,EPSG:4386,"Hood Canal, Puget Sound",US,25.0,50.0,"depth stratified net tow using 0.25 m2 HydroBios MultiNet Multiple Plankton Sampler, net code m3, 335 micron mesh (qualifier: A)"
20120905DBADm2_335,sample,UWPHHCZoop_CB986-20120905DBD,2012-09-05T15:35:00-0700,DB,Dabob,47.378,-123.117,,EPSG:4386,"Hood Canal, Puget Sound",US,50.0,60.0,"depth stratified net tow using 0.25 m2 HydroBios MultiNet Multiple Plankton Sampler, net code m2, 335 micron mesh (qualifier: A)"
20120905DBNm3_200,sample,UWPHHCZoop_CB986-20120905DBN,2012-09-05T21:18:00-0700,DB,Dabob,47.378,-123.117,,EPSG:4386,"Hood Canal, Puget Sound",US,9.0,25.0,"depth stratified net tow using 0.25 m2 HydroBios MultiNet Multiple Plankton Sampler, net code m3, 200 micron mesh (qualifier: )"
20120905DBNm2_200,sample,UWPHHCZoop_CB986-20120905DBN,2012-09-05T21:18:00-0700,DB,Dabob,47.378,-123.117,,EPSG:4386,"Hood Canal, Puget Sound",US,25.0,50.0,"depth stratified net tow using 0.25 m2 HydroBios MultiNet Multiple Plankton Sampler, net code m2, 200 micron mesh (qualifier: )"
20120905DBNm1_200,sample,UWPHHCZoop_CB986-20120905DBN,2012-09-05T21:18:00-0700,DB,Dabob,47.378,-123.117,,EPSG:4386,"Hood Canal, Puget Sound",US,50.0,70.0,"depth stratified net tow using 0.25 m2 HydroBios MultiNet Multiple Plankton Sampler, net code m1, 200 micron mesh (qualifier: )"
20120905DBNm4_200,sample,UWPHHCZoop_CB986-20120905DBN,2012-09-05T21:18:00-0700,DB,Dabob,47.378,-123.117,,EPSG:4386,"Hood Canal, Puget Sound",US,0.0,9.0,"depth stratified net tow using 0.25 m2 HydroBios MultiNet Multiple Plankton Sampler, net code m4, 200 micron mesh (qualifier: )"
20120905DBBNm5_335,sample,UWPHHCZoop_CB986-20120905DBN,2012-09-05T23:19:00-0700,DB,Dabob,47.378,-123.117,,EPSG:4386,"Hood Canal, Puget Sound",US,0.0,9.0,"depth stratified net tow using 0.25 m2 HydroBios MultiNet Multiple Plankton Sampler, net code m5, 335 micron mesh (qualifier: B)"
20120905DBBNm4_335,sample,UWPHHCZoop_CB986-20120905DBN,2012-09-05T23:19:00-0700,DB,Dabob,47.378,-123.117,,EPSG:4386,"Hood Canal, Puget Sound",US,9.0,20.0,"depth stratified net tow using 0.25 m2 HydroBios MultiNet Multiple Plankton Sampler, net code m4, 335 micron mesh (qualifier: B)"
20120905DBBNm3_335,sample,UWPHHCZoop_CB986-20120905DBN,2012-09-05T23:19:00-0700,DB,Dabob,47.378,-123.117,,EPSG:4386,"Hood Canal, Puget Sound",US,20.0,50.0,"depth stratified net tow using 0.25 m2 HydroBios MultiNet Multiple Plankton Sampler, net code m3, 335 micron mesh (qualifier: B)"
20120905DBBNm2_335,sample,UWPHHCZoop_CB986-20120905DBN,2012-09-05T23:19:00-0700,DB,Dabob,47.378,-123.117,,EPSG:4386,"Hood Canal, Puget Sound",US,50.0,70.0,"depth stratified net tow using 0.25 m2 HydroBios MultiNet Multiple Plankton Sampler, net code m2, 335 micron mesh (qualifier: B)"
20120905DBBNm1_335,sample,UWPHHCZoop_CB986-20120905DBN,2012-09-05T23:19:00-0700,DB,Dabob,47.378,-123.117,,EPSG:4386,"Hood Canal, Puget Sound",US,70.0,85.0,"depth stratified net tow using 0.25 m2 HydroBios MultiNet Multiple Plankton Sampler, net code m1, 335 micron mesh (qualifier: B)"
20121001UNADm3_335,sample,UWPHHCZoop_CB988-20121001UND,2012-10-01T13:35:00-0700,UN,Union,47.812,-122.807,,EPSG:4386,"Hood Canal, Puget Sound",US,7.0,20.0,"depth stratified net tow using 0.25 m2 HydroBios MultiNet Multiple Plankton Sampler, net code m3, 335 micron mesh (qualifier: A)"
20121001UNADm4_335,sample,UWPHHCZoop_CB988-20121001UND,2012-10-01T13:35:00-0700,UN,Union,47.812,-122.807,,EPSG:4386,"Hood Canal, Puget Sound",US,0.0,7.0,"depth stratified net tow using 0.25 m2 HydroBios MultiNet Multiple Plankton Sampler, net code m4, 335 micron mesh (qualifier: A)"
20121001UNADm1_335,sample,UWPHHCZoop_CB988-20121001UND,2012-10-01T13:35:00-0700,UN,Union,47.812,-122.807,,EPSG:4386,"Hood Canal, Puget Sound",US,40.0,60.0,"depth stratified net tow using 0.25 m2 HydroBios MultiNet Multiple Plankton Sampler, net code m1, 335 micron mesh (qualifier: A)"
20121001UNADm2_335,sample,UWPHHCZoop_CB988-20121001UND,2012-10-01T13:35:00-0700,UN,Union,47.812,-122.807,,EPSG:4386,"Hood Canal, Puget Sound",US,20.0,40.0,"depth stratified net tow using 0.25 m2 HydroBios MultiNet Multiple Plankton Sampler, net code m2, 335 micron mesh (qualifier: A)"
20121001UNDm3_200,sample,UWPHHCZoop_CB988-20121001UND,2012-10-01T14:12:00-0700,UN,Union,47.812,-122.807,,EPSG:4386,"Hood Canal, Puget Sound",US,17.0,40.0,"depth stratified net tow using 0.25 m2 HydroBios MultiNet Multiple Plankton Sampler, net code m3, 200 micron mesh (qualifier: )"
20121001UNDm5_200,sample,UWPHHCZoop_CB988-20121001UND,2012-10-01T14:12:00-0700,UN,Union,47.812,-122.807,,EPSG:4386,"Hood Canal, Puget Sound",US,0.0,7.0,"depth stratified net tow using 0.25 m2 HydroBios MultiNet Multiple Plankton Sampler, net code m5, 200 micron mesh (qualifier: )"
20121001UNDm1_200,sample,UWPHHCZoop_CB988-20121001UND,2012-10-01T14:12:00-0700,UN,Union,47.812,-122.807,,EPSG:4386,"Hood Canal, Puget Sound",US,0.0,57.0,"full water column net tow using 0.25 m2 HydroBios MultiNet Multiple Plankton Sampler, net code m1, 200 micron mesh (qualifier: )"
20121001UNDm2_200,sample,UWPHHCZoop_CB988-20121001UND,2012-10-01T14:12:00-0700,UN,Union,47.812,-122.807,,EPSG:4386,"Hood Canal, Puget Sound",US,40.0,57.0,"depth stratified net tow using 0.25 m2 HydroBios MultiNet Multiple Plankton Sampler, net code m2, 200 micron mesh (qualifier: )"
20121001UNDm4_200,sample,UWPHHCZoop_CB988-20121001UND,2012-10-01T14:12:00-0700,UN,Union,47.812,-122.807,,EPSG:4386,"Hood Canal, Puget Sound",US,7.0,20.0,"depth stratified net tow using 0.25 m2 HydroBios MultiNet Multiple Plankton Sampler, net code m4, 200 micron mesh (qualifier: )"
20121001UNNm4_200,sample,UWPHHCZoop_CB988-20121001UNN,2012-10-01T19:56:00-0700,UN,Union,47.812,-122.807,,EPSG:4386,"Hood Canal, Puget Sound",US,0.0,7.0,"depth stratified net tow using 0.25 m2 HydroBios MultiNet Multiple Plankton Sampler, net code m4, 200 micron mesh (qualifier: )"
20121001UNNm3_200,sample,UWPHHCZoop_CB988-20121001UNN,2012-10-01T19:56:00-0700,UN,Union,47.812,-122.807,,EPSG:4386,"Hood Canal, Puget Sound",US,7.0,20.0,"depth stratified net tow using 0.25 m2 HydroBios MultiNet Multiple Plankton Sampler, net code m3, 200 micron mesh (qualifier: )"
20121001UNNm2_200,sample,UWPHHCZoop_CB988-20121001UNN,2012-10-01T19:56:00-0700,UN,Union,47.812,-122.807,,EPSG:4386,"Hood Canal, Puget Sound",US,20.0,40.0,"depth stratified net tow using 0.25 m2 HydroBios MultiNet Multiple Plankton Sampler, net code m2, 200 micron mesh (qualifier: )"
20121001UNNm1_200,sample,UWPHHCZoop_CB988-20121001UNN,2012-10-01T19:56:00-0700,UN,Union,47.812,-122.807,,EPSG:4386,"Hood Canal, Puget Sound",US,40.0,60.0,"depth stratified net tow using 0.25 m2 HydroBios MultiNet Multiple Plankton Sampler, net code m1, 200 micron mesh (qualifier: )"
20121001UNBNm3_335,sample,UWPHHCZoop_CB988-20121001UNN,2012-10-01T21:30:00-0700,UN,Union,47.812,-122.807,,EPSG:4386,"Hood Canal, Puget Sound",US,10.0,20.0,"depth stratified net tow using 0.25 m2 HydroBios MultiNet Multiple Plankton Sampler, net code m3, 335 micron mesh (qualifier: B)"
20121001UNBNm4_335,sample,UWPHHCZoop_CB988-20121001UNN,2012-10-01T21:30:00-0700,UN,Union,47.812,-122.807,,EPSG:4386,"Hood Canal, Puget Sound",US,7.0,10.0,"depth stratified net tow using 0.25 m2 HydroBios MultiNet Multiple Plankton Sampler, net code m4, 335 micron mesh (qualifier: B)"
20121001UNBNm2_335,sample,UWPHHCZoop_CB988-20121001UNN,2012-10-01T21:30:00-0700,UN,Union,47.812,-122.807,,EPSG:4386,"Hood Canal, Puget Sound",US,20.0,40.0,"depth stratified net tow using 0.25 m2 HydroBios MultiNet Multiple Plankton Sampler, net code m2, 335 micron mesh (qualifier: B)"
20121001UNBNm1_335,sample,UWPHHCZoop_CB988-20121001UNN,2012-10-01T21:30:00-0700,UN,Union,47.812,-122.807,,EPSG:4386,"Hood Canal, Puget Sound",US,40.0,64.0,"depth stratified net tow using 0.25 m2 HydroBios MultiNet Multiple Plankton Sampler, net code m1, 335 micron mesh (qualifier: B)"
20121001UNBNm5_335,sample,UWPHHCZoop_CB988-20121001UNN,2012-10-01T21:30:00-0700,UN,Union,47.812,-122.807,,EPSG:4386,"Hood Canal, Puget Sound",US,0.0,7.0,"depth stratified net tow using 0.25 m2 HydroBios MultiNet Multiple Plankton Sampler, net code m5, 335 micron mesh (qualifier: B)"
20121002HPNm2_200,sample,UWPHHCZoop_CB988-20121002HPN,2012-10-02T20:55:00-0700,HP,Hoodsport,47.581,-122.986,,EPSG:4386,"Hood Canal, Puget Sound",US,0.0,112.0,"full water column net tow using 0.25 m2 HydroBios MultiNet Multiple Plankton Sampler, net code m2, 200 micron mesh (qualifier: )"
20121002HPBNm0_335,sample,UWPHHCZoop_CB988-20121002HPN,2012-10-02T21:07:00-0700,HP,Hoodsport,47.581,-122.986,,EPSG:4386,"Hood Canal, Puget Sound",US,0.0,107.0,"full water column net tow using 0.25 m2 HydroBios MultiNet Multiple Plankton Sampler, net code m0, 335 micron mesh (qualifier: B)"
20121003DUNm2_200,sample,UWPHHCZoop_CB988-20121003DUN,2012-10-03T21:24:00-0700,DU,Duckabush,47.404,-123.125,,EPSG:4386,"Hood Canal, Puget Sound",US,0.0,164.0,"full water column net tow using 0.25 m2 HydroBios MultiNet Multiple Plankton Sampler, net code m2, 200 micron mesh (qualifier: )"
20121004DBADm1_335,sample,UWPHHCZoop_CB988-20121004DBD,2012-10-04T14:30:00-0700,DB,Dabob,47.378,-123.117,,EPSG:4386,"Hood Canal, Puget Sound",US,70.0,95.0,"depth stratified net tow using 0.25 m2 HydroBios MultiNet Multiple Plankton Sampler, net code m1, 335 micron mesh (qualifier: A)"
20121004DBADm2_335,sample,UWPHHCZoop_CB988-20121004DBD,2012-10-04T14:30:00-0700,DB,Dabob,47.378,-123.117,,EPSG:4386,"Hood Canal, Puget Sound",US,30.0,70.0,"depth stratified net tow using 0.25 m2 HydroBios MultiNet Multiple Plankton Sampler, net code m2, 335 micron mesh (qualifier: A)"
20121004DBADm3_335,sample,UWPHHCZoop_CB988-20121004DBD,2012-10-04T14:30:00-0700,DB,Dabob,47.378,-123.117,,EPSG:4386,"Hood Canal, Puget Sound",US,15.0,30.0,"depth stratified net tow using 0.25 m2 HydroBios MultiNet Multiple Plankton Sampler, net code m3, 335 micron mesh (qualifier: A)"
20121004DBADm4_335,sample,UWPHHCZoop_CB988-20121004DBD,2012-10-04T14:30:00-0700,DB,Dabob,47.378,-123.117,,EPSG:4386,"Hood Canal, Puget Sound",US,0.0,15.0,"depth stratified net tow using 0.25 m2 HydroBios MultiNet Multiple Plankton Sampler, net code m4, 335 micron mesh (qualifier: A)"
20121004DBDm5_200,sample,UWPHHCZoop_CB988-20121004DBD,2012-10-04T15:00:00-0700,DB,Dabob,47.378,-123.117,,EPSG:4386,"Hood Canal, Puget Sound",US,0.0,15.0,"depth stratified net tow using 0.25 m2 HydroBios MultiNet Multiple Plankton Sampler, net code m5, 200 micron mesh (qualifier: )"
20121004DBDm4_200,sample,UWPHHCZoop_CB988-20121004DBD,2012-10-04T15:00:00-0700,DB,Dabob,47.378,-123.117,,EPSG:4386,"Hood Canal, Puget Sound",US,15.0,30.0,"depth stratified net tow using 0.25 m2 HydroBios MultiNet Multiple Plankton Sampler, net code m4, 200 micron mesh (qualifier: )"
20121004DBDm3_200,sample,UWPHHCZoop_CB988-20121004DBD,2012-10-04T15:00:00-0700,DB,Dabob,47.378,-123.117,,EPSG:4386,"Hood Canal, Puget Sound",US,30.0,70.0,"depth stratified net tow using 0.25 m2 HydroBios MultiNet Multiple Plankton Sampler, net code m3, 200 micron mesh (qualifier: )"
20121004DBDm2_200,sample,UWPHHCZoop_CB988-20121004DBD,2012-10-04T15:00:00-0700,DB,Dabob,47.378,-123.117,,EPSG:4386,"Hood Canal, Puget Sound",US,70.0,95.0,"depth stratified net tow using 0.25 m2 HydroBios MultiNet Multiple Plankton Sampler, net code m2, 200 micron mesh (qualifier: )"
20121004DBNm1_200,sample,UWPHHCZoop_CB988-20121004DBN,2012-10-04T21:28:00-0700,DB,Dabob,47.378,-123.117,,EPSG:4386,"Hood Canal, Puget Sound",US,70.0,85.0,"depth stratified net tow using 0.25 m2 HydroBios MultiNet Multiple Plankton Sampler, net code m1, 200 micron mesh (qualifier: )"
20121004DBNm2_200,sample,UWPHHCZoop_CB988-20121004DBN,2012-10-04T21:28:00-0700,DB,Dabob,47.378,-123.117,,EPSG:4386,"Hood Canal, Puget Sound",US,20.0,70.0,"depth stratified net tow using 0.25 m2 HydroBios MultiNet Multiple Plankton Sampler, net code m2, 200 micron mesh (qualifier: )"
20121004DBNm3_200,sample,UWPHHCZoop_CB988-20121004DBN,2012-10-04T21:28:00-0700,DB,Dabob,47.378,-123.117,,EPSG:4386,"Hood Canal, Puget Sound",US,10.0,20.0,"depth stratified net tow using 0.25 m2 HydroBios MultiNet Multiple Plankton Sampler, net code m3, 200 micron mesh (qualifier: )"
20121004DBNm4_200,sample,UWPHHCZoop_CB988-20121004DBN,2012-10-04T21:28:00-0700,DB,Dabob,47.378,-123.117,,EPSG:4386,"Hood Canal, Puget Sound",US,0.0,10.0,"depth stratified net tow using 0.25 m2 HydroBios MultiNet Multiple Plankton Sampler, net code m4, 200 micron mesh (qualifier: )"
20121004DBNm1_335,sample,UWPHHCZoop_CB988-20121004DBN,2012-10-04T22:53:00-0700,DB,Dabob,47.378,-123.117,,EPSG:4386,"Hood Canal, Puget Sound",US,70.0,90.0,"depth stratified net tow using 0.25 m2 HydroBios MultiNet Multiple Plankton Sampler, net code m1, 335 micron mesh (qualifier: )"
20121004DBNm2_335,sample,UWPHHCZoop_CB988-20121004DBN,2012-10-04T22:53:00-0700,DB,Dabob,47.378,-123.117,,EPSG:4386,"Hood Canal, Puget Sound",US,20.0,70.0,"depth stratified net tow using 0.25 m2 HydroBios MultiNet Multiple Plankton Sampler, net code m2, 335 micron mesh (qualifier: )"
20121004DBNm3_335,sample,UWPHHCZoop_CB988-20121004DBN,2012-10-04T22:53:00-0700,DB,Dabob,47.378,-123.117,,EPSG:4386,"Hood Canal, Puget Sound",US,10.0,20.0,"depth stratified net tow using 0.25 m2 HydroBios MultiNet Multiple Plankton Sampler, net code m3, 335 micron mesh (qualifier: )"
20121004DBNm4_335,sample,UWPHHCZoop_CB988-20121004DBN,2012-10-04T22:53:00-0700,DB,Dabob,47.378,-123.117,,EPSG:4386,"Hood Canal, Puget Sound",US,0.0,10.0,"depth stratified net tow using 0.25 m2 HydroBios MultiNet Multiple Plankton Sampler, net code m4, 335 micron mesh (qualifier: )"
20130610UNiDm3_200,sample,UWPHHCZoop_CB1002-20130610UND,2013-06-10T17:13:00-0700,UN,Union,47.812,-122.807,,EPSG:4386,"Hood Canal, Puget Sound",US,10.0,20.0,"depth stratified net tow using 0.25 m2 HydroBios MultiNet Multiple Plankton Sampler, net code m3, 200 micron mesh (qualifier: i)"
20130610UNiDm2_200,sample,UWPHHCZoop_CB1002-20130610UND,2013-06-10T17:15:00-0700,UN,Union,47.812,-122.807,,EPSG:4386,"Hood Canal, Puget Sound",US,20.0,40.0,"depth stratified net tow using 0.25 m2 HydroBios MultiNet Multiple Plankton Sampler, net code m2, 200 micron mesh (qualifier: i)"
20130610UNiDm1_200,sample,UWPHHCZoop_CB1002-20130610UND,2013-06-10T17:15:00-0700,UN,Union,47.812,-122.807,,EPSG:4386,"Hood Canal, Puget Sound",US,40.0,55.0,"depth stratified net tow using 0.25 m2 HydroBios MultiNet Multiple Plankton Sampler, net code m1, 200 micron mesh (qualifier: i)"
20130610UNiDm4_200,sample,UWPHHCZoop_CB1002-20130610UND,2013-06-10T17:30:00-0700,UN,Union,47.812,-122.807,,EPSG:4386,"Hood Canal, Puget Sound",US,0.0,10.0,"depth stratified net tow using 0.25 m2 HydroBios MultiNet Multiple Plankton Sampler, net code m4, 200 micron mesh (qualifier: i)"
20130610UNDm2_335,sample,UWPHHCZoop_CB1002-20130610UND,2013-06-10T18:00:00-0700,UN,Union,47.812,-122.807,,EPSG:4386,"Hood Canal, Puget Sound",US,20.0,40.0,"depth stratified net tow using 0.25 m2 HydroBios MultiNet Multiple Plankton Sampler, net code m2, 335 micron mesh (qualifier: )"
20130610UNDm3_335,sample,UWPHHCZoop_CB1002-20130610UND,2013-06-10T18:00:00-0700,UN,Union,47.812,-122.807,,EPSG:4386,"Hood Canal, Puget Sound",US,10.0,20.0,"depth stratified net tow using 0.25 m2 HydroBios MultiNet Multiple Plankton Sampler, net code m3, 335 micron mesh (qualifier: )"
20130610UNDm1_335,sample,UWPHHCZoop_CB1002-20130610UND,2013-06-10T18:00:00-0700,UN,Union,47.812,-122.807,,EPSG:4386,"Hood Canal, Puget Sound",US,40.0,60.0,"depth stratified net tow using 0.25 m2 HydroBios MultiNet Multiple Plankton Sampler, net code m1, 335 micron mesh (qualifier: )"
20130610UNDm4_335,sample,UWPHHCZoop_CB1002-20130610UND,2013-06-10T18:00:00-0700,UN,Union,47.812,-122.807,,EPSG:4386,"Hood Canal, Puget Sound",US,0.0,10.0,"depth stratified net tow using 0.25 m2 HydroBios MultiNet Multiple Plankton Sampler, net code m4, 335 micron mesh (qualifier: )"
20130610UNNm2_200,sample,UWPHHCZoop_CB1002-20130610UNN,2013-06-10T22:35:00-0700,UN,Union,47.812,-122.807,,EPSG:4386,"Hood Canal, Puget Sound",US,40.0,60.0,"depth stratified net tow using 0.25 m2 HydroBios MultiNet Multiple Plankton Sampler, net code m2, 200 micron mesh (qualifier: )"
20130610UNNm3_200,sample,UWPHHCZoop_CB1002-20130610UNN,2013-06-10T22:35:00-0700,UN,Union,47.812,-122.807,,EPSG:4386,"Hood Canal, Puget Sound",US,20.0,40.0,"depth stratified net tow using 0.25 m2 HydroBios MultiNet Multiple Plankton Sampler, net code m3, 200 micron mesh (qualifier: )"
20130610UNNm4_200,sample,UWPHHCZoop_CB1002-20130610UNN,2013-06-10T22:35:00-0700,UN,Union,47.812,-122.807,,EPSG:4386,"Hood Canal, Puget Sound",US,10.0,20.0,"depth stratified net tow using 0.25 m2 HydroBios MultiNet Multiple Plankton Sampler, net code m4, 200 micron mesh (qualifier: )"
20130610UNNm5_200,sample,UWPHHCZoop_CB1002-20130610UNN,2013-06-10T22:35:00-0700,UN,Union,47.812,-122.807,,EPSG:4386,"Hood Canal, Puget Sound",US,0.0,10.0,"depth stratified net tow using 0.25 m2 HydroBios MultiNet Multiple Plankton Sampler, net code m5, 200 micron mesh (qualifier: )"
20130610UNNm2_335,sample,UWPHHCZoop_CB1002-20130610UNN,2013-06-10T23:10:00-0700,UN,Union,47.812,-122.807,,EPSG:4386,"Hood Canal, Puget Sound",US,20.0,40.0,"depth stratified net tow using 0.25 m2 HydroBios MultiNet Multiple Plankton Sampler, net code m2, 335 micron mesh (qualifier: )"
20130610UNNm3_335,sample,UWPHHCZoop_CB1002-20130610UNN,2013-06-10T23:10:00-0700,UN,Union,47.812,-122.807,,EPSG:4386,"Hood Canal, Puget Sound",US,10.0,20.0,"depth stratified net tow using 0.25 m2 HydroBios MultiNet Multiple Plankton Sampler, net code m3, 335 micron mesh (qualifier: )"
20130610UNNm1_335,sample,UWPHHCZoop_CB1002-20130610UNN,2013-06-10T23:10:00-0700,UN,Union,47.812,-122.807,,EPSG:4386,"Hood Canal, Puget Sound",US,40.0,68.0,"depth stratified net tow using 0.25 m2 HydroBios MultiNet Multiple Plankton Sampler, net code m1, 335 micron mesh (qualifier: )"
20130610UNNm4_335,sample,UWPHHCZoop_CB1002-20130610UNN,2013-06-10T23:10:00-0700,UN,Union,47.812,-122.807,,EPSG:4386,"Hood Canal, Puget Sound",US,0.0,10.0,"depth stratified net tow using 0.25 m2 HydroBios MultiNet Multiple Plankton Sampler, net code m4, 335 micron mesh (qualifier: )"
20130611HPNm0_335,sample,UWPHHCZoop_CB1002-20130611HPN,2013-06-11T22:43:00-0700,HP,Hoodsport,47.581,-122.986,,EPSG:4386,"Hood Canal, Puget Sound",US,0.0,110.0,"full water column net tow using 0.25 m2 HydroBios MultiNet Multiple Plankton Sampler, net code m0, 335 micron mesh (qualifier: )"
20130612HPBNm1_200,sample,UWPHHCZoop_CB1002-20130612HPN,2013-06-12T01:47:00-0700,HP,Hoodsport,47.581,-122.986,,EPSG:4386,"Hood Canal, Puget Sound",US,0.0,110.0,"full water column net tow using 0.25 m2 HydroBios MultiNet Multiple Plankton Sampler, net code m1, 200 micron mesh (qualifier: B)"
20130613DUBNm1_200,sample,UWPHHCZoop_CB1002-20130613DUN,2013-06-13T01:06:00-0700,DU,Duckabush,47.404,-123.125,,EPSG:4386,"Hood Canal, Puget Sound",US,0.0,160.0,"full water column net tow using 0.25 m2 HydroBios MultiNet Multiple Plankton Sampler, net code m1, 200 micron mesh (qualifier: B)"
20130613DBDm2_335,sample,UWPHHCZoop_CB1002-20130613DBD,2013-06-13T16:30:00-0700,DB,Dabob,47.378,-123.117,,EPSG:4386,"Hood Canal, Puget Sound",US,20.0,40.0,"depth stratified net tow using 0.25 m2 HydroBios MultiNet Multiple Plankton Sampler, net code m2, 335 micron mesh (qualifier: )"
20130613DBDm1_335,sample,UWPHHCZoop_CB1002-20130613DBD,2013-06-13T16:30:00-0700,DB,Dabob,47.378,-123.117,,EPSG:4386,"Hood Canal, Puget Sound",US,40.0,64.0,"depth stratified net tow using 0.25 m2 HydroBios MultiNet Multiple Plankton Sampler, net code m1, 335 micron mesh (qualifier: )"
20130613DBDm4_335,sample,UWPHHCZoop_CB1002-20130613DBD,2013-06-13T16:30:00-0700,DB,Dabob,47.378,-123.117,,EPSG:4386,"Hood Canal, Puget Sound",US,0.0,10.0,"depth stratified net tow using 0.25 m2 HydroBios MultiNet Multiple Plankton Sampler, net code m4, 335 micron mesh (qualifier: )"
20130613DBDm3_335,sample,UWPHHCZoop_CB1002-20130613DBD,2013-06-13T16:30:00-0700,DB,Dabob,47.378,-123.117,,EPSG:4386,"Hood Canal, Puget Sound",US,10.0,20.0,"depth stratified net tow using 0.25 m2 HydroBios MultiNet Multiple Plankton Sampler, net code m3, 335 micron mesh (qualifier: )"
20130613DBDm4_200,sample,UWPHHCZoop_CB1002-20130613DBD,2013-06-13T17:02:00-0700,DB,Dabob,47.378,-123.117,,EPSG:4386,"Hood Canal, Puget Sound",US,0.0,10.0,"depth stratified net tow using 0.25 m2 HydroBios MultiNet Multiple Plankton Sampler, net code m4, 200 micron mesh (qualifier: )"
20130613DBDm2_200,sample,UWPHHCZoop_CB1002-20130613DBD,2013-06-13T17:02:00-0700,DB,Dabob,47.378,-123.117,,EPSG:4386,"Hood Canal, Puget Sound",US,20.0,40.0,"depth stratified net tow using 0.25 m2 HydroBios MultiNet Multiple Plankton Sampler, net code m2, 200 micron mesh (qualifier: )"
20130613DBDm1_200,sample,UWPHHCZoop_CB1002-20130613DBD,2013-06-13T17:02:00-0700,DB,Dabob,47.378,-123.117,,EPSG:4386,"Hood Canal, Puget Sound",US,40.0,65.0,"depth stratified net tow using 0.25 m2 HydroBios MultiNet Multiple Plankton Sampler, net code m1, 200 micron mesh (qualifier: )"
20130613DBDm3_200,sample,UWPHHCZoop_CB1002-20130613DBD,2013-06-13T17:02:00-0700,DB,Dabob,47.378,-123.117,,EPSG:4386,"Hood Canal, Puget Sound",US,10.0,20.0,"depth stratified net tow using 0.25 m2 HydroBios MultiNet Multiple Plankton Sampler, net code m3, 200 micron mesh (qualifier: )"
20130613DBNm1_200,sample,UWPHHCZoop_CB1002-20130613DBN,2013-06-13T22:38:00-0700,DB,Dabob,47.378,-123.117,,EPSG:4386,"Hood Canal, Puget Sound",US,40.0,65.0,"depth stratified net tow using 0.25 m2 HydroBios MultiNet Multiple Plankton Sampler, net code m1, 200 micron mesh (qualifier: )"
20130613DBNm2_200,sample,UWPHHCZoop_CB1002-20130613DBN,2013-06-13T22:38:00-0700,DB,Dabob,47.378,-123.117,,EPSG:4386,"Hood Canal, Puget Sound",US,20.0,40.0,"depth stratified net tow using 0.25 m2 HydroBios MultiNet Multiple Plankton Sampler, net code m2, 200 micron mesh (qualifier: )"
20130613DBNm3_200,sample,UWPHHCZoop_CB1002-20130613DBN,2013-06-13T22:38:00-0700,DB,Dabob,47.378,-123.117,,EPSG:4386,"Hood Canal, Puget Sound",US,10.0,20.0,"depth stratified net tow using 0.25 m2 HydroBios MultiNet Multiple Plankton Sampler, net code m3, 200 micron mesh (qualifier: )"
20130613DBNm4_200,sample,UWPHHCZoop_CB1002-20130613DBN,2013-06-13T22:38:00-0700,DB,Dabob,47.378,-123.117,,EPSG:4386,"Hood Canal, Puget Sound",US,0.0,10.0,"depth stratified net tow using 0.25 m2 HydroBios MultiNet Multiple Plankton Sampler, net code m4, 200 micron mesh (qualifier: )"
20130613DBNm1_335,sample,UWPHHCZoop_CB1002-20130613DBN,2013-06-13T23:04:00-0700,DB,Dabob,47.378,-123.117,,EPSG:4386,"Hood Canal, Puget Sound",US,40.0,62.0,"depth stratified net tow using 0.25 m2 HydroBios MultiNet Multiple Plankton Sampler, net code m1, 335 micron mesh (qualifier: )"
20130613DBNm2_335,sample,UWPHHCZoop_CB1002-20130613DBN,2013-06-13T23:04:00-0700,DB,Dabob,47.378,-123.117,,EPSG:4386,"Hood Canal, Puget Sound",US,20.0,40.0,"depth stratified net tow using 0.25 m2 HydroBios MultiNet Multiple Plankton Sampler, net code m2, 335 micron mesh (qualifier: )"
20130613DBNm3_335,sample,UWPHHCZoop_CB1002-20130613DBN,2013-06-13T23:04:00-0700,DB,Dabob,47.378,-123.117,,EPSG:4386,"Hood Canal, Puget Sound",US,10.0,20.0,"depth stratified net tow using 0.25 m2 HydroBios MultiNet Multiple Plankton Sampler, net code m3, 335 micron mesh (qualifier: )"
20130613DBNm4_335,sample,UWPHHCZoop_CB1002-20130613DBN,2013-06-13T23:04:00-0700,DB,Dabob,47.378,-123.117,,EPSG:4386,"Hood Canal, Puget Sound",US,0.0,10.0,"depth stratified net tow using 0.25 m2 HydroBios MultiNet Multiple Plankton Sampler, net code m4, 335 micron mesh (qualifier: )"
20130708UNNm4_200,sample,UWPHHCZoop_CB1003-20130708UNN,2013-07-08T22:32:00-0700,UN,Union,47.812,-122.807,,EPSG:4386,"Hood Canal, Puget Sound",US,0.0,12.0,"depth stratified net tow using 0.25 m2 HydroBios MultiNet Multiple Plankton Sampler, net code m4, 200 micron mesh (qualifier: )"
20130708UNNm1_200,sample,UWPHHCZoop_CB1003-20130708UNN,2013-07-08T22:32:00-0700,UN,Union,47.812,-122.807,,EPSG:4386,"Hood Canal, Puget Sound",US,40.0,64.0,"depth stratified net tow using 0.25 m2 HydroBios MultiNet Multiple Plankton Sampler, net code m1, 200 micron mesh (qualifier: )"
20130708UNNm2_200,sample,UWPHHCZoop_CB1003-20130708UNN,2013-07-08T22:32:00-0700,UN,Union,47.812,-122.807,,EPSG:4386,"Hood Canal, Puget Sound",US,25.0,40.0,"depth stratified net tow using 0.25 m2 HydroBios MultiNet Multiple Plankton Sampler, net code m2, 200 micron mesh (qualifier: )"
20130708UNNm3_200,sample,UWPHHCZoop_CB1003-20130708UNN,2013-07-08T22:32:00-0700,UN,Union,47.812,-122.807,,EPSG:4386,"Hood Canal, Puget Sound",US,12.0,25.0,"depth stratified net tow using 0.25 m2 HydroBios MultiNet Multiple Plankton Sampler, net code m3, 200 micron mesh (qualifier: )"
20130708UNNm0_335,sample,UWPHHCZoop_CB1003-20130708UNN,2013-07-08T23:02:00-0700,UN,Union,47.812,-122.807,,EPSG:4386,"Hood Canal, Puget Sound",US,0.0,64.0,"full water column net tow using 0.25 m2 HydroBios MultiNet Multiple Plankton Sampler, net code m0, 335 micron mesh (qualifier: )"
20130709HPDm1_200,sample,UWPHHCZoop_CB1003-20130709HPD,2013-07-09T19:30:00-0700,HP,Hoodsport,47.581,-122.986,,EPSG:4386,"Hood Canal, Puget Sound",US,0.0,107.0,"full water column net tow using 0.25 m2 HydroBios MultiNet Multiple Plankton Sampler, net code m1, 200 micron mesh (qualifier: )"
20130710UNDm1_200,sample,UWPHHCZoop_CB1003-20130710UND,2013-07-10T15:17:00-0700,UN,Union,47.812,-122.807,,EPSG:4386,"Hood Canal, Puget Sound",US,40.0,63.0,"depth stratified net tow using 0.25 m2 HydroBios MultiNet Multiple Plankton Sampler, net code m1, 200 micron mesh (qualifier: )"
20130710UNDm2_200,sample,UWPHHCZoop_CB1003-20130710UND,2013-07-10T15:17:00-0700,UN,Union,47.812,-122.807,,EPSG:4386,"Hood Canal, Puget Sound",US,25.0,40.0,"depth stratified net tow using 0.25 m2 HydroBios MultiNet Multiple Plankton Sampler, net code m2, 200 micron mesh (qualifier: )"
20130710UNDm3_200,sample,UWPHHCZoop_CB1003-20130710UND,2013-07-10T15:17:00-0700,UN,Union,47.812,-122.807,,EPSG:4386,"Hood Canal, Puget Sound",US,12.0,25.0,"depth stratified net tow using 0.25 m2 HydroBios MultiNet Multiple Plankton Sampler, net code m3, 200 micron mesh (qualifier: )"
20130710UNDm4_200,sample,UWPHHCZoop_CB1003-20130710UND,2013-07-10T15:17:00-0700,UN,Union,47.812,-122.807,,EPSG:4386,"Hood Canal, Puget Sound",US,0.0,12.0,"depth stratified net tow using 0.25 m2 HydroBios MultiNet Multiple Plankton Sampler, net code m4, 200 micron mesh (qualifier: )"
20130711DUANm1_200,sample,UWPHHCZoop_CB1003-20130711DUN,2013-07-11T00:32:00-0700,DU,Duckabush,47.404,-123.125,,EPSG:4386,"Hood Canal, Puget Sound",US,0.0,160.0,"full water column net tow using 0.25 m2 HydroBios MultiNet Multiple Plankton Sampler, net code m1, 200 micron mesh (qualifier: A)"
20130711DBDm0_200,sample,UWPHHCZoop_CB1003-20130711DBD,2013-07-11T18:28:00-0700,DB,Dabob,47.378,-123.117,,EPSG:4386,"Hood Canal, Puget Sound",US,0.0,70.0,"full water column net tow using 0.25 m2 HydroBios MultiNet Multiple Plankton Sampler, net code m0, 200 micron mesh (qualifier: )"
20130805UNDm2_200,sample,UWPHHCZoop_CB1005-20130805UND,2013-08-05T16:09:00-0700,UN,Union,47.812,-122.807,,EPSG:4386,"Hood Canal, Puget Sound",US,40.0,58.0,"depth stratified net tow using 0.25 m2 HydroBios MultiNet Multiple Plankton Sampler, net code m2, 200 micron mesh (qualifier: )"
20130805UNDm3_200,sample,UWPHHCZoop_CB1005-20130805UND,2013-08-05T16:09:00-0700,UN,Union,47.812,-122.807,,EPSG:4386,"Hood Canal, Puget Sound",US,20.0,40.0,"depth stratified net tow using 0.25 m2 HydroBios MultiNet Multiple Plankton Sampler, net code m3, 200 micron mesh (qualifier: )"
20130805UNDm4_200,sample,UWPHHCZoop_CB1005-20130805UND,2013-08-05T16:09:00-0700,UN,Union,47.812,-122.807,,EPSG:4386,"Hood Canal, Puget Sound",US,10.0,20.0,"depth stratified net tow using 0.25 m2 HydroBios MultiNet Multiple Plankton Sampler, net code m4, 200 micron mesh (qualifier: )"
20130805UNDm5_200,sample,UWPHHCZoop_CB1005-20130805UND,2013-08-05T16:09:00-0700,UN,Union,47.812,-122.807,,EPSG:4386,"Hood Canal, Puget Sound",US,0.0,10.0,"depth stratified net tow using 0.25 m2 HydroBios MultiNet Multiple Plankton Sampler, net code m5, 200 micron mesh (qualifier: )"
20130805UNNm1_200,sample,UWPHHCZoop_CB1005-20130805UNN,2013-08-05T22:07:00-0700,UN,Union,47.812,-122.807,,EPSG:4386,"Hood Canal, Puget Sound",US,40.0,61.0,"depth stratified net tow using 0.25 m2 HydroBios MultiNet Multiple Plankton Sampler, net code m1, 200 micron mesh (qualifier: )"
20130805UNNm2_200,sample,UWPHHCZoop_CB1005-20130805UNN,2013-08-05T22:07:00-0700,UN,Union,47.812,-122.807,,EPSG:4386,"Hood Canal, Puget Sound",US,20.0,40.0,"depth stratified net tow using 0.25 m2 HydroBios MultiNet Multiple Plankton Sampler, net code m2, 200 micron mesh (qualifier: )"
20130805UNNm3_200,sample,UWPHHCZoop_CB1005-20130805UNN,2013-08-05T22:07:00-0700,UN,Union,47.812,-122.807,,EPSG:4386,"Hood Canal, Puget Sound",US,10.0,20.0,"depth stratified net tow using 0.25 m2 HydroBios MultiNet Multiple Plankton Sampler, net code m3, 200 micron mesh (qualifier: )"
20130805UNNm4_200,sample,UWPHHCZoop_CB1005-20130805UNN,2013-08-05T22:07:00-0700,UN,Union,47.812,-122.807,,EPSG:4386,"Hood Canal, Puget Sound",US,0.0,10.0,"depth stratified net tow using 0.25 m2 HydroBios MultiNet Multiple Plankton Sampler, net code m4, 200 micron mesh (qualifier: )"
20130805UNNm1_335,sample,UWPHHCZoop_CB1005-20130805UNN,2013-08-05T23:05:00-0700,UN,Union,47.812,-122.807,,EPSG:4386,"Hood Canal, Puget Sound",US,0.0,65.0,"full water column net tow using 0.25 m2 HydroBios MultiNet Multiple Plankton Sampler, net code m1, 335 micron mesh (qualifier: )"
20130806HPDm5_200,sample,UWPHHCZoop_CB1005-20130806HPD,2013-08-06T16:15:00-0700,HP,Hoodsport,47.581,-122.986,,EPSG:4386,"Hood Canal, Puget Sound",US,0.0,15.0,"depth stratified net tow using 0.25 m2 HydroBios MultiNet Multiple Plankton Sampler, net code m5, 200 micron mesh (qualifier: )"
20130806HPDm4_200,sample,UWPHHCZoop_CB1005-20130806HPD,2013-08-06T16:15:00-0700,HP,Hoodsport,47.581,-122.986,,EPSG:4386,"Hood Canal, Puget Sound",US,15.0,30.0,"depth stratified net tow using 0.25 m2 HydroBios MultiNet Multiple Plankton Sampler, net code m4, 200 micron mesh (qualifier: )"
20130806HPDm2_200,sample,UWPHHCZoop_CB1005-20130806HPD,2013-08-06T16:15:00-0700,HP,Hoodsport,47.581,-122.986,,EPSG:4386,"Hood Canal, Puget Sound",US,50.0,90.0,"depth stratified net tow using 0.25 m2 HydroBios MultiNet Multiple Plankton Sampler, net code m2, 200 micron mesh (qualifier: )"
20130806HPDm3_200,sample,UWPHHCZoop_CB1005-20130806HPD,2013-08-06T16:15:00-0700,HP,Hoodsport,47.581,-122.986,,EPSG:4386,"Hood Canal, Puget Sound",US,30.0,50.0,"depth stratified net tow using 0.25 m2 HydroBios MultiNet Multiple Plankton Sampler, net code m3, 200 micron mesh (qualifier: )"
20130806HPDm1_200,sample,UWPHHCZoop_CB1005-20130806HPD,2013-08-06T16:15:00-0700,HP,Hoodsport,47.581,-122.986,,EPSG:4386,"Hood Canal, Puget Sound",US,90.0,105.0,"depth stratified net tow using 0.25 m2 HydroBios MultiNet Multiple Plankton Sampler, net code m1, 200 micron mesh (qualifier: )"
20130807DUNm1_200,sample,UWPHHCZoop_CB1005-20130807DUN,2013-08-07T22:33:00-0700,DU,Duckabush,47.404,-123.125,,EPSG:4386,"Hood Canal, Puget Sound",US,0.0,162.0,"full water column net tow using 0.25 m2 HydroBios MultiNet Multiple Plankton Sampler, net code m1, 200 micron mesh (qualifier: )"
20130808DBDm1_200,sample,UWPHHCZoop_CB1005-20130808DBD,2013-08-08T15:54:00-0700,DB,Dabob,47.378,-123.117,,EPSG:4386,"Hood Canal, Puget Sound",US,40.0,55.0,"depth stratified net tow using 0.25 m2 HydroBios MultiNet Multiple Plankton Sampler, net code m1, 200 micron mesh (qualifier: )"
20130808DBDm2_200,sample,UWPHHCZoop_CB1005-20130808DBD,2013-08-08T15:54:00-0700,DB,Dabob,47.378,-123.117,,EPSG:4386,"Hood Canal, Puget Sound",US,20.0,40.0,"depth stratified net tow using 0.25 m2 HydroBios MultiNet Multiple Plankton Sampler, net code m2, 200 micron mesh (qualifier: )"
20130808DBDm3_200,sample,UWPHHCZoop_CB1005-20130808DBD,2013-08-08T15:54:00-0700,DB,Dabob,47.378,-123.117,,EPSG:4386,"Hood Canal, Puget Sound",US,10.0,20.0,"depth stratified net tow using 0.25 m2 HydroBios MultiNet Multiple Plankton Sampler, net code m3, 200 micron mesh (qualifier: )"
20130808DBDm4_200,sample,UWPHHCZoop_CB1005-20130808DBD,2013-08-08T15:54:00-0700,DB,Dabob,47.378,-123.117,,EPSG:4386,"Hood Canal, Puget Sound",US,0.0,10.0,"depth stratified net tow using 0.25 m2 HydroBios MultiNet Multiple Plankton Sampler, net code m4, 200 micron mesh (qualifier: )"
20130808DBNm1_200,sample,UWPHHCZoop_CB1005-20130808DBN,2013-08-08T22:11:00-0700,DB,Dabob,47.378,-123.117,,EPSG:4386,"Hood Canal, Puget Sound",US,40.0,69.0,"depth stratified net tow using 0.25 m2 HydroBios MultiNet Multiple Plankton Sampler, net code m1, 200 micron mesh (qualifier: )"
20130808DBNm2_200,sample,UWPHHCZoop_CB1005-20130808DBN,2013-08-08T22:11:00-0700,DB,Dabob,47.378,-123.117,,EPSG:4386,"Hood Canal, Puget Sound",US,20.0,40.0,"depth stratified net tow using 0.25 m2 HydroBios MultiNet Multiple Plankton Sampler, net code m2, 200 micron mesh (qualifier: )"
20130808DBNm3_200,sample,UWPHHCZoop_CB1005-20130808DBN,2013-08-08T22:11:00-0700,DB,Dabob,47.378,-123.117,,EPSG:4386,"Hood Canal, Puget Sound",US,10.0,20.0,"depth stratified net tow using 0.25 m2 HydroBios MultiNet Multiple Plankton Sampler, net code m3, 200 micron mesh (qualifier: )"
20130808DBNm4_200,sample,UWPHHCZoop_CB1005-20130808DBN,2013-08-08T22:11:00-0700,DB,Dabob,47.378,-123.117,,EPSG:4386,"Hood Canal, Puget Sound",US,0.0,10.0,"depth stratified net tow using 0.25 m2 HydroBios MultiNet Multiple Plankton Sampler, net code m4, 200 micron mesh (qualifier: )"
20130808DBNm1_335,sample,UWPHHCZoop_CB1005-20130808DBN,2013-08-08T23:01:00-0700,DB,Dabob,47.378,-123.117,,EPSG:4386,"Hood Canal, Puget Sound",US,0.0,68.0,"full water column net tow using 0.25 m2 HydroBios MultiNet Multiple Plankton Sampler, net code m1, 335 micron mesh (qualifier: )"
20130903UNDm4_200,sample,UWPHHCZoop_CB1007-20130903UND,2013-09-03T14:38:00-0700,UN,Union,47.812,-122.807,,EPSG:4386,"Hood Canal, Puget Sound",US,0.0,10.0,"depth stratified net tow using 0.25 m2 HydroBios MultiNet Multiple Plankton Sampler, net code m4, 200 micron mesh (qualifier: )"
20130903UNDm2_200,sample,UWPHHCZoop_CB1007-20130903UND,2013-09-03T14:38:00-0700,UN,Union,47.812,-122.807,,EPSG:4386,"Hood Canal, Puget Sound",US,20.0,40.0,"depth stratified net tow using 0.25 m2 HydroBios MultiNet Multiple Plankton Sampler, net code m2, 200 micron mesh (qualifier: )"
20130903UNDm3_200,sample,UWPHHCZoop_CB1007-20130903UND,2013-09-03T14:38:00-0700,UN,Union,47.812,-122.807,,EPSG:4386,"Hood Canal, Puget Sound",US,10.0,20.0,"depth stratified net tow using 0.25 m2 HydroBios MultiNet Multiple Plankton Sampler, net code m3, 200 micron mesh (qualifier: )"
20130903UNDm1_200,sample,UWPHHCZoop_CB1007-20130903UND,2013-09-03T14:38:00-0700,UN,Union,47.812,-122.807,,EPSG:4386,"Hood Canal, Puget Sound",US,40.0,60.0,"depth stratified net tow using 0.25 m2 HydroBios MultiNet Multiple Plankton Sampler, net code m1, 200 micron mesh (qualifier: )"
20130903UNDm2_335,sample,UWPHHCZoop_CB1007-20130903UND,2013-09-03T15:01:00-0700,UN,Union,47.812,-122.807,,EPSG:4386,"Hood Canal, Puget Sound",US,20.0,40.0,"depth stratified net tow using 0.25 m2 HydroBios MultiNet Multiple Plankton Sampler, net code m2, 335 micron mesh (qualifier: )"
20130903UNDm3_335,sample,UWPHHCZoop_CB1007-20130903UND,2013-09-03T15:01:00-0700,UN,Union,47.812,-122.807,,EPSG:4386,"Hood Canal, Puget Sound",US,10.0,20.0,"depth stratified net tow using 0.25 m2 HydroBios MultiNet Multiple Plankton Sampler, net code m3, 335 micron mesh (qualifier: )"
20130903UNDm4_335,sample,UWPHHCZoop_CB1007-20130903UND,2013-09-03T15:01:00-0700,UN,Union,47.812,-122.807,,EPSG:4386,"Hood Canal, Puget Sound",US,0.0,10.0,"depth stratified net tow using 0.25 m2 HydroBios MultiNet Multiple Plankton Sampler, net code m4, 335 micron mesh (qualifier: )"
20130903UNDm1_335,sample,UWPHHCZoop_CB1007-20130903UND,2013-09-03T15:01:00-0700,UN,Union,47.812,-122.807,,EPSG:4386,"Hood Canal, Puget Sound",US,40.0,68.0,"depth stratified net tow using 0.25 m2 HydroBios MultiNet Multiple Plankton Sampler, net code m1, 335 micron mesh (qualifier: )"
20130903UNiDm1_200,sample,UWPHHCZoop_CB1007-20130903UND,2013-09-03T15:28:00-0700,UN,Union,47.812,-122.807,,EPSG:4386,"Hood Canal, Puget Sound",US,0.0,64.0,"full water column net tow using 0.25 m2 HydroBios MultiNet Multiple Plankton Sampler, net code m1, 200 micron mesh (qualifier: i)"
20130903UNNm4_335,sample,UWPHHCZoop_CB1007-20130903UNN,2013-09-03T21:19:00-0700,UN,Union,47.812,-122.807,,EPSG:4386,"Hood Canal, Puget Sound",US,0.0,10.0,"depth stratified net tow using 0.25 m2 HydroBios MultiNet Multiple Plankton Sampler, net code m4, 335 micron mesh (qualifier: )"
20130903UNNm3_335,sample,UWPHHCZoop_CB1007-20130903UNN,2013-09-03T21:19:00-0700,UN,Union,47.812,-122.807,,EPSG:4386,"Hood Canal, Puget Sound",US,10.0,20.0,"depth stratified net tow using 0.25 m2 HydroBios MultiNet Multiple Plankton Sampler, net code m3, 335 micron mesh (qualifier: )"
20130903UNNm1_335,sample,UWPHHCZoop_CB1007-20130903UNN,2013-09-03T21:19:00-0700,UN,Union,47.812,-122.807,,EPSG:4386,"Hood Canal, Puget Sound",US,40.0,66.0,"depth stratified net tow using 0.25 m2 HydroBios MultiNet Multiple Plankton Sampler, net code m1, 335 micron mesh (qualifier: )"
20130903UNNm2_335,sample,UWPHHCZoop_CB1007-20130903UNN,2013-09-03T21:19:00-0700,UN,Union,47.812,-122.807,,EPSG:4386,"Hood Canal, Puget Sound",US,20.0,40.0,"depth stratified net tow using 0.25 m2 HydroBios MultiNet Multiple Plankton Sampler, net code m2, 335 micron mesh (qualifier: )"
20130903UNNm0_335,sample,UWPHHCZoop_CB1007-20130903UNN,2013-09-03T21:46:00-0700,UN,Union,47.812,-122.807,,EPSG:4386,"Hood Canal, Puget Sound",US,0.0,69.0,"full water column net tow using 0.25 m2 HydroBios MultiNet Multiple Plankton Sampler, net code m0, 335 micron mesh (qualifier: )"
20130904HPNm1_200,sample,UWPHHCZoop_CB1007-20130904HPN,2013-09-04T21:59:00-0700,HP,Hoodsport,47.581,-122.986,,EPSG:4386,"Hood Canal, Puget Sound",US,0.0,102.0,"full water column net tow using 0.25 m2 HydroBios MultiNet Multiple Plankton Sampler, net code m1, 200 micron mesh (qualifier: )"
20130905DUNm1_200,sample,UWPHHCZoop_CB1007-20130905DUN,2013-09-05T22:35:00-0700,DU,Duckabush,47.404,-123.125,,EPSG:4386,"Hood Canal, Puget Sound",US,0.0,152.0,"full water column net tow using 0.25 m2 HydroBios MultiNet Multiple Plankton Sampler, net code m1, 200 micron mesh (qualifier: )"
20130906DBDm1_200,sample,UWPHHCZoop_CB1007-20130906DBD,2013-09-06T14:52:00-0700,DB,Dabob,47.378,-123.117,,EPSG:4386,"Hood Canal, Puget Sound",US,40.0,71.0,"depth stratified net tow using 0.25 m2 HydroBios MultiNet Multiple Plankton Sampler, net code m1, 200 micron mesh (qualifier: )"
20130906DBDm2_200,sample,UWPHHCZoop_CB1007-20130906DBD,2013-09-06T14:52:00-0700,DB,Dabob,47.378,-123.117,,EPSG:4386,"Hood Canal, Puget Sound",US,20.0,40.0,"depth stratified net tow using 0.25 m2 HydroBios MultiNet Multiple Plankton Sampler, net code m2, 200 micron mesh (qualifier: )"
20130906DBDm3_200,sample,UWPHHCZoop_CB1007-20130906DBD,2013-09-06T14:52:00-0700,DB,Dabob,47.378,-123.117,,EPSG:4386,"Hood Canal, Puget Sound",US,10.0,20.0,"depth stratified net tow using 0.25 m2 HydroBios MultiNet Multiple Plankton Sampler, net code m3, 200 micron mesh (qualifier: )"
20130906DBDm4_200,sample,UWPHHCZoop_CB1007-20130906DBD,2013-09-06T14:52:00-0700,DB,Dabob,47.378,-123.117,,EPSG:4386,"Hood Canal, Puget Sound",US,0.0,10.0,"depth stratified net tow using 0.25 m2 HydroBios MultiNet Multiple Plankton Sampler, net code m4, 200 micron mesh (qualifier: )"
20130906DBiDm1_200,sample,UWPHHCZoop_CB1007-20130906DBD,2013-09-06T16:17:00-0700,DB,Dabob,47.378,-123.117,,EPSG:4386,"Hood Canal, Puget Sound",US,0.0,60.0,"full water column net tow using 0.25 m2 HydroBios MultiNet Multiple Plankton Sampler, net code m1, 200 micron mesh (qualifier: i)"
20130906DBNm1_335,sample,UWPHHCZoop_CB1007-20130906DBN,2013-09-06T22:02:00-0700,DB,Dabob,47.378,-123.117,,EPSG:4386,"Hood Canal, Puget Sound",US,0.0,61.0,"full water column net tow using 0.25 m2 HydroBios MultiNet Multiple Plankton Sampler, net code m1, 335 micron mesh (qualifier: )"
20130930UNDm1_200,sample,UWPHHCZoop_CB1007-20130930UND,2013-09-30T13:54:00-0700,UN,Union,47.812,-122.807,,EPSG:4386,"Hood Canal, Puget Sound",US,0.0,59.0,"full water column net tow using 0.25 m2 HydroBios MultiNet Multiple Plankton Sampler, net code m1, 200 micron mesh (qualifier: )"
20130930UNDm2_200,sample,UWPHHCZoop_CB1007-20130930UND,2013-09-30T13:54:00-0700,UN,Union,47.812,-122.807,,EPSG:4386,"Hood Canal, Puget Sound",US,20.0,59.0,"depth stratified net tow using 0.25 m2 HydroBios MultiNet Multiple Plankton Sampler, net code m2, 200 micron mesh (qualifier: )"
20130930UNDm3_200,sample,UWPHHCZoop_CB1007-20130930UND,2013-09-30T13:54:00-0700,UN,Union,47.812,-122.807,,EPSG:4386,"Hood Canal, Puget Sound",US,10.0,20.0,"depth stratified net tow using 0.25 m2 HydroBios MultiNet Multiple Plankton Sampler, net code m3, 200 micron mesh (qualifier: )"
20130930UNDm4_200,sample,UWPHHCZoop_CB1007-20130930UND,2013-09-30T13:54:00-0700,UN,Union,47.812,-122.807,,EPSG:4386,"Hood Canal, Puget Sound",US,6.0,10.0,"depth stratified net tow using 0.25 m2 HydroBios MultiNet Multiple Plankton Sampler, net code m4, 200 micron mesh (qualifier: )"
20130930UNDm5_200,sample,UWPHHCZoop_CB1007-20130930UND,2013-09-30T13:54:00-0700,UN,Union,47.812,-122.807,,EPSG:4386,"Hood Canal, Puget Sound",US,0.0,6.0,"depth stratified net tow using 0.25 m2 HydroBios MultiNet Multiple Plankton Sampler, net code m5, 200 micron mesh (qualifier: )"
20130930TWDm1_200,sample,UWPHHCZoop_CB1007-20130930TWD,2013-09-30T15:52:00-0700,TW,Twanoh,47.371,-123.003,,EPSG:4386,"Hood Canal, Puget Sound",US,0.0,27.0,"full water column net tow using 0.25 m2 HydroBios MultiNet Multiple Plankton Sampler, net code m1, 200 micron mesh (qualifier: )"
20130930UNDm1_335,sample,UWPHHCZoop_CB1007-20130930UND,2013-09-30T17:05:00-0700,UN,Union,47.812,-122.807,,EPSG:4386,"Hood Canal, Puget Sound",US,20.0,35.0,"depth stratified net tow using 0.25 m2 HydroBios MultiNet Multiple Plankton Sampler, net code m1, 335 micron mesh (qualifier: )"
20130930UNDm2_335,sample,UWPHHCZoop_CB1007-20130930UND,2013-09-30T17:05:00-0700,UN,Union,47.812,-122.807,,EPSG:4386,"Hood Canal, Puget Sound",US,10.0,20.0,"depth stratified net tow using 0.25 m2 HydroBios MultiNet Multiple Plankton Sampler, net code m2, 335 micron mesh (qualifier: )"
20130930UNDm3_335,sample,UWPHHCZoop_CB1007-20130930UND,2013-09-30T17:05:00-0700,UN,Union,47.812,-122.807,,EPSG:4386,"Hood Canal, Puget Sound",US,6.0,10.0,"depth stratified net tow using 0.25 m2 HydroBios MultiNet Multiple Plankton Sampler, net code m3, 335 micron mesh (qualifier: )"
20130930UNDm4_335,sample,UWPHHCZoop_CB1007-20130930UND,2013-09-30T17:05:00-0700,UN,Union,47.812,-122.807,,EPSG:4386,"Hood Canal, Puget Sound",US,0.0,6.0,"depth stratified net tow using 0.25 m2 HydroBios MultiNet Multiple Plankton Sampler, net code m4, 335 micron mesh (qualifier: )"
20130930UNNm1_335,sample,UWPHHCZoop_CB1007-20130930UNN,2013-09-30T21:18:00-0700,UN,Union,47.812,-122.807,,EPSG:4386,"Hood Canal, Puget Sound",US,20.0,63.0,"depth stratified net tow using 0.25 m2 HydroBios MultiNet Multiple Plankton Sampler, net code m1, 335 micron mesh (qualifier: )"
20130930UNNm2_335,sample,UWPHHCZoop_CB1007-20130930UNN,2013-09-30T21:18:00-0700,UN,Union,47.812,-122.807,,EPSG:4386,"Hood Canal, Puget Sound",US,10.0,20.0,"depth stratified net tow using 0.25 m2 HydroBios MultiNet Multiple Plankton Sampler, net code m2, 335 micron mesh (qualifier: )"
20130930UNNm3_335,sample,UWPHHCZoop_CB1007-20130930UNN,2013-09-30T21:18:00-0700,UN,Union,47.812,-122.807,,EPSG:4386,"Hood Canal, Puget Sound",US,5.0,10.0,"depth stratified net tow using 0.25 m2 HydroBios MultiNet Multiple Plankton Sampler, net code m3, 335 micron mesh (qualifier: )"
20130930UNNm4_335,sample,UWPHHCZoop_CB1007-20130930UNN,2013-09-30T21:18:00-0700,UN,Union,47.812,-122.807,,EPSG:4386,"Hood Canal, Puget Sound",US,0.0,5.0,"depth stratified net tow using 0.25 m2 HydroBios MultiNet Multiple Plankton Sampler, net code m4, 335 micron mesh (qualifier: )"
20131001HPNm2_335,sample,UWPHHCZoop_CB1009-20131001HPN,2013-10-01T20:57:00-0700,HP,Hoodsport,47.581,-122.986,,EPSG:4386,"Hood Canal, Puget Sound",US,0.0,103.0,"full water column net tow using 0.25 m2 HydroBios MultiNet Multiple Plankton Sampler, net code m2, 335 micron mesh (qualifier: )"
20131001HPNm1_200,sample,UWPHHCZoop_CB1009-20131001HPN,2013-10-01T20:57:00-0700,HP,Hoodsport,47.581,-122.986,,EPSG:4386,"Hood Canal, Puget Sound",US,0.0,103.0,"full water column net tow using 0.25 m2 HydroBios MultiNet Multiple Plankton Sampler, net code m1, 200 micron mesh (qualifier: )"
20131002DUNm1_200,sample,UWPHHCZoop_CB1009-20131002DUN,2013-10-02T20:36:00-0700,DU,Duckabush,47.404,-123.125,,EPSG:4386,"Hood Canal, Puget Sound",US,0.0,113.0,"full water column net tow using 0.25 m2 HydroBios MultiNet Multiple Plankton Sampler, net code m1, 200 micron mesh (qualifier: )"
20131002DUNm0_335,sample,UWPHHCZoop_CB1009-20131002DUN,2013-10-02T21:57:00-0700,DU,Duckabush,47.404,-123.125,,EPSG:4386,"Hood Canal, Puget Sound",US,0.0,158.0,"full water column net tow using 0.25 m2 HydroBios MultiNet Multiple Plankton Sampler, net code m0, 335 micron mesh (qualifier: )"
20131003DBDm1_200,sample,UWPHHCZoop_CB1009-20131003DBD,2013-10-03T14:11:00-0700,DB,Dabob,47.378,-123.117,,EPSG:4386,"Hood Canal, Puget Sound",US,0.0,56.0,"full water column net tow using 0.25 m2 HydroBios MultiNet Multiple Plankton Sampler, net code m1, 200 micron mesh (qualifier: )"
20131003DBDm2_200,sample,UWPHHCZoop_CB1009-20131003DBD,2013-10-03T14:11:00-0700,DB,Dabob,47.378,-123.117,,EPSG:4386,"Hood Canal, Puget Sound",US,30.0,56.0,"depth stratified net tow using 0.25 m2 HydroBios MultiNet Multiple Plankton Sampler, net code m2, 200 micron mesh (qualifier: )"
20131003DBDm3_200,sample,UWPHHCZoop_CB1009-20131003DBD,2013-10-03T14:11:00-0700,DB,Dabob,47.378,-123.117,,EPSG:4386,"Hood Canal, Puget Sound",US,16.0,30.0,"depth stratified net tow using 0.25 m2 HydroBios MultiNet Multiple Plankton Sampler, net code m3, 200 micron mesh (qualifier: )"
20131003DBDm4_200,sample,UWPHHCZoop_CB1009-20131003DBD,2013-10-03T14:11:00-0700,DB,Dabob,47.378,-123.117,,EPSG:4386,"Hood Canal, Puget Sound",US,12.0,16.0,"depth stratified net tow using 0.25 m2 HydroBios MultiNet Multiple Plankton Sampler, net code m4, 200 micron mesh (qualifier: )"
20131003DBDm5_200,sample,UWPHHCZoop_CB1009-20131003DBD,2013-10-03T14:11:00-0700,DB,Dabob,47.378,-123.117,,EPSG:4386,"Hood Canal, Puget Sound",US,0.0,12.0,"depth stratified net tow using 0.25 m2 HydroBios MultiNet Multiple Plankton Sampler, net code m5, 200 micron mesh (qualifier: )"
20131003DBDm1_335,sample,UWPHHCZoop_CB1009-20131003DBD,2013-10-03T14:34:00-0700,DB,Dabob,47.378,-123.117,,EPSG:4386,"Hood Canal, Puget Sound",US,57.0,65.0,"depth stratified net tow using 0.25 m2 HydroBios MultiNet Multiple Plankton Sampler, net code m1, 335 micron mesh (qualifier: )"
20131003DBDm2_335,sample,UWPHHCZoop_CB1009-20131003DBD,2013-10-03T14:34:00-0700,DB,Dabob,47.378,-123.117,,EPSG:4386,"Hood Canal, Puget Sound",US,30.0,57.0,"depth stratified net tow using 0.25 m2 HydroBios MultiNet Multiple Plankton Sampler, net code m2, 335 micron mesh (qualifier: )"
20131003DBDm3_335,sample,UWPHHCZoop_CB1009-20131003DBD,2013-10-03T14:34:00-0700,DB,Dabob,47.378,-123.117,,EPSG:4386,"Hood Canal, Puget Sound",US,16.0,30.0,"depth stratified net tow using 0.25 m2 HydroBios MultiNet Multiple Plankton Sampler, net code m3, 335 micron mesh (qualifier: )"
20131003DBDm4_335,sample,UWPHHCZoop_CB1009-20131003DBD,2013-10-03T14:34:00-0700,DB,Dabob,47.378,-123.117,,EPSG:4386,"Hood Canal, Puget Sound",US,12.0,16.0,"depth stratified net tow using 0.25 m2 HydroBios MultiNet Multiple Plankton Sampler, net code m4, 335 micron mesh (qualifier: )"
20131003DBDm5_335,sample,UWPHHCZoop_CB1009-20131003DBD,2013-10-03T14:34:00-0700,DB,Dabob,47.378,-123.117,,EPSG:4386,"Hood Canal, Puget Sound",US,0.0,12.0,"depth stratified net tow using 0.25 m2 HydroBios MultiNet Multiple Plankton Sampler, net code m5, 335 micron mesh (qualifier: )"
20131003DBNm2_335,sample,UWPHHCZoop_CB1009-20131003DBN,2013-10-03T20:16:00-0700,DB,Dabob,47.378,-123.117,,EPSG:4386,"Hood Canal, Puget Sound",US,16.0,30.0,"depth stratified net tow using 0.25 m2 HydroBios MultiNet Multiple Plankton Sampler, net code m2, 335 micron mesh (qualifier: )"
20131003DBNm3_335,sample,UWPHHCZoop_CB1009-20131003DBN,2013-10-03T20:16:00-0700,DB,Dabob,47.378,-123.117,,EPSG:4386,"Hood Canal, Puget Sound",US,8.0,16.0,"depth stratified net tow using 0.25 m2 HydroBios MultiNet Multiple Plankton Sampler, net code m3, 335 micron mesh (qualifier: )"
20131003DBNm1_335,sample,UWPHHCZoop_CB1009-20131003DBN,2013-10-03T20:16:00-0700,DB,Dabob,47.378,-123.117,,EPSG:4386,"Hood Canal, Puget Sound",US,30.0,63.0,"depth stratified net tow using 0.25 m2 HydroBios MultiNet Multiple Plankton Sampler, net code m1, 335 micron mesh (qualifier: )"
20131003DBNm4_335,sample,UWPHHCZoop_CB1009-20131003DBN,2013-10-03T20:16:00-0700,DB,Dabob,47.378,-123.117,,EPSG:4386,"Hood Canal, Puget Sound",US,0.0,8.0,"depth stratified net tow using 0.25 m2 HydroBios MultiNet Multiple Plankton Sampler, net code m4, 335 micron mesh (qualifier: )"
